"Date";"Fermeture";"Ouverture";"Valeur Haute";"Valeur Basse";"Volume";
"20/04/2017";"72,27";"69,53";"72,34";"69,44";"2341444";
"21/04/2017";"71,57";"71,97";"72,36";"71,4";"2834463";
"24/04/2017";"73,96";"73,5";"74,2";"72,83";"3392539";
"25/04/2017";"74,1";"73,95";"74,1";"73,31";"2035966";
"26/04/2017";"74,09";"74";"74,59";"73,26";"2711216";
"27/04/2017";"75";"72,6";"75,78";"72,6";"2791834";
"28/04/2017";"74,23";"74,75";"74,87";"73,75";"2041707";
"02/05/2017";"74,65";"74,41";"75,02";"73,95";"1514930";
"03/05/2017";"73,92";"74,45";"74,49";"73,22";"1892839";
"04/05/2017";"75,03";"74,33";"75,03";"73,91";"3074091";
"05/05/2017";"75,88";"74,8";"75,88";"74,12";"2373314";
"08/05/2017";"75,41";"75,12";"75,81";"75,12";"1865781";
"09/05/2017";"75,5";"75,5";"76,07";"75,27";"1843290";
"10/05/2017";"75,24";"75,28";"75,75";"75,09";"1626911";
"11/05/2017";"74";"75,3";"75,33";"73,56";"2034389";
"12/05/2017";"74,46";"74,21";"74,72";"73,53";"1549001";
"15/05/2017";"74,27";"74,55";"74,77";"74,07";"1451526";
"16/05/2017";"74,19";"74,14";"74,45";"73,88";"1916654";
"17/05/2017";"72,73";"73,8";"74,16";"72,28";"2506050";
"18/05/2017";"73,22";"72,93";"73,52";"71,75";"2246008";
"19/05/2017";"73,76";"73,27";"74,13";"73,08";"1879911";
"22/05/2017";"72,63";"74,02";"74,19";"72,46";"1346452";
"23/05/2017";"72,41";"72,24";"73,36";"72,2";"1472739";
"24/05/2017";"72,42";"72,35";"72,9";"72,18";"1453146";
"25/05/2017";"73,1";"72,9";"73,29";"72,22";"1188382";
"26/05/2017";"73,9";"72,99";"73,9";"72,76";"1287651";
"29/05/2017";"73,72";"73,71";"73,92";"73,48";"496934";
"30/05/2017";"73,27";"73,3";"73,93";"73,04";"1022310";
"31/05/2017";"73,07";"73,37";"74,06";"73,07";"2291693";
"01/06/2017";"75,23";"73,22";"75,25";"73,19";"1903343";
"02/06/2017";"75,6";"75,6";"75,75";"75,01";"1548696";
"05/06/2017";"74,76";"75,43";"75,5";"74,55";"1393976";
"06/06/2017";"74,7";"74,3";"75,22";"74,16";"1778237";
"07/06/2017";"73,47";"74,47";"74,49";"73,47";"2075635";
"08/06/2017";"73,75";"73,26";"74,13";"72,26";"2064322";
"09/06/2017";"75,41";"73,98";"75,5";"73,8";"1696443";
"12/06/2017";"74,27";"75,05";"75,14";"73,92";"1453664";
"13/06/2017";"74,6";"74,33";"74,97";"74,07";"950069";
"14/06/2017";"75,13";"74,96";"75,85";"74,84";"1554647";
"15/06/2017";"73,28";"74,88";"74,94";"73,13";"2453122";
"16/06/2017";"74,93";"73,59";"74,93";"73,42";"2946719";
"19/06/2017";"76,4";"75,28";"76,98";"75,28";"1754422";
"20/06/2017";"75,95";"76,72";"77,25";"75,82";"1901702";
"21/06/2017";"75,25";"75,51";"75,76";"74,41";"1616636";
"22/06/2017";"75,04";"74,98";"75,23";"74,4";"1168764";
"23/06/2017";"75,7";"75,1";"75,83";"74,91";"1390598";
"26/06/2017";"75,95";"75,98";"76,45";"75,73";"1341540";
"27/06/2017";"74,48";"75,72";"75,72";"74,3";"1823710";
"28/06/2017";"73,8";"74";"74,08";"72,52";"2237554";
"29/06/2017";"72,22";"73,81";"73,93";"71,58";"2917366";
"30/06/2017";"72";"72,22";"72,94";"72";"2020251";
"03/07/2017";"73,1";"72,72";"73,32";"72,45";"1203565";
"04/07/2017";"73,1";"72,66";"73,45";"72,58";"928386";
"05/07/2017";"73,91";"72,98";"73,97";"72,92";"1634111";
"06/07/2017";"74,13";"74";"74,22";"73,71";"2021366";
"07/07/2017";"74,1";"74,1";"74,72";"73,98";"1455702";
"10/07/2017";"74,36";"74,29";"74,7";"73,74";"918705";
"11/07/2017";"74,44";"74,31";"75,01";"74,09";"1121368";
"12/07/2017";"74,64";"74,68";"74,87";"73,95";"1783606";
"13/07/2017";"75";"74,67";"75,31";"74,29";"1193906";
"14/07/2017";"74,56";"74,86";"74,96";"73,98";"1282579";
"17/07/2017";"73,64";"74,56";"74,65";"73,6";"1365925";
"18/07/2017";"72,46";"73,39";"73,53";"72,25";"1872482";
"19/07/2017";"73,69";"72,85";"73,87";"72,12";"1678068";
"20/07/2017";"72,36";"74";"74,17";"72,17";"1974974";
"21/07/2017";"71,37";"71,74";"72,55";"71,06";"2615668";
"24/07/2017";"71,63";"71,01";"72,18";"70,5";"1346583";
"25/07/2017";"72,63";"71,53";"73,26";"71,52";"1647862";
"26/07/2017";"74,65";"72,35";"74,65";"72,23";"2222491";
"27/07/2017";"72,27";"72";"72,73";"71,18";"3596345";
"28/07/2017";"72,38";"71,92";"73,09";"71,79";"2280881";
"31/07/2017";"70,6";"72,22";"72,45";"70,5";"2298622";
"01/08/2017";"72,03";"72";"72,28";"70,86";"1619840";
"02/08/2017";"71,01";"72,24";"72,39";"70,74";"1526417";
"03/08/2017";"71,28";"70,97";"72,01";"70,89";"1428208";
"04/08/2017";"73,32";"71,24";"73,56";"70,95";"1756136";
"07/08/2017";"72,43";"73,6";"73,71";"72,23";"1207571";
"08/08/2017";"72,11";"72,51";"72,6";"71,5";"1250049";
"09/08/2017";"71,49";"71,79";"71,8";"70,88";"1606046";
"10/08/2017";"71";"71,48";"71,65";"70,81";"1252798";
"11/08/2017";"70,75";"70,64";"71,08";"70,17";"1701738";
"14/08/2017";"71,72";"71,09";"71,89";"71";"931951";
"15/08/2017";"72,34";"72,15";"72,73";"71,67";"985503";
"16/08/2017";"72,88";"72,55";"73,98";"72,51";"1481599";
"17/08/2017";"72,19";"72,6";"72,91";"71,88";"1850067";
"18/08/2017";"71,5";"71,78";"71,78";"70,79";"1858123";
"21/08/2017";"70,84";"71,32";"71,38";"70,39";"1230288";
"22/08/2017";"71,25";"71,4";"71,45";"70,84";"1071112";
"23/08/2017";"70,81";"71,27";"71,46";"70,63";"856121";
"24/08/2017";"70,37";"70,83";"70,98";"70,37";"1189469";
"25/08/2017";"70,86";"70,5";"71,52";"70,37";"1122032";
"28/08/2017";"70,17";"70,56";"70,68";"69,86";"635646";
"29/08/2017";"68,72";"69,56";"69,56";"68,42";"1811805";
"30/08/2017";"69,81";"69,25";"69,87";"68,87";"1060053";
"31/08/2017";"70,61";"70,17";"71,05";"69,98";"1604178";
"01/09/2017";"71,3";"72,08";"72,8";"71,24";"1721058";
"04/09/2017";"71,09";"70,7";"71,36";"70,57";"532563";
"05/09/2017";"71,24";"71,18";"71,65";"70,97";"845190";
"06/09/2017";"71,41";"70,82";"71,49";"70,46";"1181595";
"07/09/2017";"70,43";"71,51";"71,87";"70,32";"1968192";
"08/09/2017";"70,5";"70,17";"70,51";"69,52";"1252913";
"11/09/2017";"70,82";"70,9";"71,63";"70,74";"1315227";
"12/09/2017";"70,67";"70,95";"71,32";"70,55";"2558609";
"13/09/2017";"70,95";"70,55";"71";"70,35";"1670190";
"14/09/2017";"71,08";"70,68";"71,3";"70,65";"1753735";
"15/09/2017";"72";"70,87";"72";"70,86";"5985680";
"18/09/2017";"73,6";"72,39";"73,73";"72,14";"1712269";
"19/09/2017";"74";"73,5";"74,09";"73,14";"1900806";
"20/09/2017";"74,59";"73,5";"74,59";"73,44";"1528932";
"21/09/2017";"77,56";"75";"77,98";"75";"2946892";
"22/09/2017";"77,34";"76,87";"77,96";"76,2";"2421931";
"25/09/2017";"77,84";"77,5";"78,85";"77,48";"1800310";
"26/09/2017";"78,78";"77,5";"78,78";"76,89";"1960532";
"27/09/2017";"80,37";"78,7";"80,37";"78,64";"2242300";
"28/09/2017";"80";"80,45";"80,68";"79,81";"1722169";
"29/09/2017";"80,41";"79,95";"80,41";"79,58";"2099116";
"02/10/2017";"80,6";"80,33";"80,75";"80,14";"1355099";
"03/10/2017";"81,64";"80,71";"81,65";"80,54";"1227678";
"04/10/2017";"82,14";"81,56";"82,14";"81,11";"1593589";
"05/10/2017";"81,8";"82,2";"82,25";"80,85";"1802178";
"06/10/2017";"81,27";"81,71";"82,08";"81,2";"1912323";
"09/10/2017";"79,44";"79,5";"80,37";"78,74";"3248461";
"10/10/2017";"78,84";"79,1";"79,29";"78,43";"2020919";
"11/10/2017";"77,99";"78,4";"78,55";"77,53";"2461122";
"12/10/2017";"78,16";"77,86";"78,32";"77,72";"1544613";
"13/10/2017";"77,2";"77,04";"78,03";"76,93";"1700450";
"16/10/2017";"77,07";"77";"77,35";"76,17";"1634343";
"17/10/2017";"80,79";"78,65";"81,34";"78,65";"3367017";
"18/10/2017";"81,14";"80,72";"81,23";"79,95";"1707224";
"19/10/2017";"80,72";"80,88";"81,69";"80,43";"2118635";
"20/10/2017";"80,72";"81,06";"81,27";"80,22";"1511806";
"23/10/2017";"81,29";"80,64";"81,88";"80,33";"944252";
"24/10/2017";"83,25";"81,21";"83,76";"81,15";"2887232";
"25/10/2017";"83,47";"82,84";"84,33";"82,31";"2036221";
"26/10/2017";"85,81";"83,89";"85,96";"83,56";"2146664";
"27/10/2017";"86,56";"86,47";"88,23";"85,9";"3112118";
"30/10/2017";"84,71";"86,03";"86,25";"84,43";"2219520";
"31/10/2017";"87,75";"85,75";"89,12";"85,43";"3186345";
"01/11/2017";"87,38";"88,5";"88,5";"87,03";"1663464";
"02/11/2017";"86,41";"86,28";"86,94";"85,78";"1704866";
"03/11/2017";"87,17";"86,6";"87,73";"86,6";"1498114";
"06/11/2017";"86,62";"86,85";"87,23";"86,53";"1130253";
"07/11/2017";"86,4";"86,92";"87,02";"86,22";"1243787";
"08/11/2017";"85,46";"86,6";"87,5";"84,9";"1554544";
"09/11/2017";"84,07";"85,3";"86,53";"83,79";"1963728";
"10/11/2017";"83,72";"84,1";"84,65";"83,25";"1564466";
"13/11/2017";"83,25";"83,36";"83,94";"82,26";"1611483";
"14/11/2017";"83,54";"83,2";"84,34";"82,97";"1522192";
"15/11/2017";"85,5";"85,63";"86,89";"84,22";"3015548";
"16/11/2017";"85,49";"86,16";"86,16";"84,83";"1517840";
"17/11/2017";"84,88";"85,45";"86,13";"84,8";"1303346";
"20/11/2017";"85,2";"84,71";"85,57";"84,35";"1115602";
"21/11/2017";"86,02";"85";"86,73";"84,8";"1400629";
"22/11/2017";"85,33";"85,86";"86,39";"85,27";"1315358";
"23/11/2017";"85,89";"85,36";"86,17";"84,93";"917728";
"24/11/2017";"85,8";"85,73";"86,33";"85,38";"951963";
"27/11/2017";"85,69";"85,56";"86,7";"85,25";"1011712";
"28/11/2017";"86,83";"85,73";"86,83";"85,12";"1222274";
"29/11/2017";"87,29";"87,09";"88,42";"87,03";"1485386";
"30/11/2017";"87,29";"87,36";"87,68";"86,88";"2161119";
"01/12/2017";"85,31";"87,3";"87,33";"85,28";"2055769";
"04/12/2017";"87,87";"87,09";"88,48";"87,06";"1741336";
"05/12/2017";"88,57";"87,66";"88,57";"87,06";"1385214";
"06/12/2017";"88,86";"87,82";"89,06";"87,46";"1315476";
"07/12/2017";"88,02";"88,99";"89,27";"87,42";"1462679";
"08/12/2017";"87,77";"88,7";"88,7";"87,39";"1264048";
"11/12/2017";"85,93";"87,67";"87,69";"85,84";"1591753";
"12/12/2017";"87,23";"86,39";"87,32";"85,61";"1186451";
"13/12/2017";"86,25";"86,4";"87,05";"86,13";"1390206";
"14/12/2017";"85,34";"86,48";"86,53";"85,11";"1902549";
"15/12/2017";"85,25";"85,29";"85,93";"84,52";"5085521";
"18/12/2017";"86,53";"85,93";"86,76";"85,6";"1339134";
"19/12/2017";"85,67";"86,53";"86,95";"85,67";"1155519";
"20/12/2017";"84,8";"85,52";"86,42";"84,67";"1500312";
"21/12/2017";"84,92";"84,53";"85,15";"83,96";"1356310";
"22/12/2017";"84,55";"84,68";"85,33";"84,55";"873485";
"27/12/2017";"85,24";"84,47";"85,46";"84,31";"932890";
"28/12/2017";"83,9";"85,23";"85,23";"83,58";"1024248";
"29/12/2017";"83";"83,9";"84,19";"83";"1578785";
"02/01/2018";"82,75";"83,03";"83,48";"82,22";"1372454";
"03/01/2018";"84,12";"83";"84,65";"82,86";"1623702";
"04/01/2018";"85,82";"84,19";"86,09";"84,19";"1796349";
"05/01/2018";"85,6";"86,23";"86,23";"84,42";"1689901";
"08/01/2018";"86,62";"85,83";"86,62";"85,8";"1330866";
"09/01/2018";"86,88";"86,31";"87,25";"86,31";"1117093";
"10/01/2018";"90,27";"86,85";"90,28";"86,53";"2630181";
"11/01/2018";"90,02";"90,41";"91,9";"89,91";"2816239";
"12/01/2018";"90,4";"90,41";"90,75";"89,9";"1301019";
"15/01/2018";"90";"90,4";"90,74";"89,62";"1374298";
"16/01/2018";"89,97";"89,9";"90,27";"89,65";"1621132";
"17/01/2018";"89,74";"89,37";"90,3";"89,25";"1287333";
"18/01/2018";"90,4";"90,49";"92,56";"90,02";"2656032";
"19/01/2018";"92,79";"90,94";"92,88";"90,87";"2523329";
"22/01/2018";"93,25";"93";"93,52";"92,61";"1866217";
"23/01/2018";"92,1";"94";"94";"91,74";"1848638";
"24/01/2018";"90,5";"92,06";"92,34";"90,48";"1770657";
"25/01/2018";"88";"90,5";"90,79";"87,28";"2766900";
"26/01/2018";"89,56";"88,26";"89,76";"88,07";"1688553";
"29/01/2018";"90,42";"90,5";"90,84";"89,64";"1589726";
"30/01/2018";"89,8";"90,12";"90,92";"89,33";"1353425";
"31/01/2018";"92,5";"90,01";"92,77";"90";"2051737";
"01/02/2018";"91,17";"93,1";"93,2";"90,73";"1963564";
"02/02/2018";"87,97";"89,36";"90,28";"87,13";"2700960";
"05/02/2018";"86,6";"87,19";"87,19";"85,32";"2275453";
"06/02/2018";"85,01";"83,52";"87,14";"82,05";"4166870";
"07/02/2018";"88,4";"86,06";"88,46";"85,11";"2662190";
"08/02/2018";"85,51";"87,77";"88,06";"85,23";"2627891";
"09/02/2018";"83,54";"84,91";"85,44";"82,02";"3554261";
"12/02/2018";"82,52";"84";"84";"82,17";"2890116";
"13/02/2018";"83,15";"82,52";"84,01";"82,46";"2150253";
"14/02/2018";"84,17";"83,92";"84,48";"81,33";"2325684";
"15/02/2018";"92,82";"90,5";"93,47";"89,78";"5873239";
"16/02/2018";"95,53";"93,37";"95,6";"93,21";"3480413";
"19/02/2018";"94,89";"95,53";"96,25";"94,45";"1575164";
"20/02/2018";"96,99";"94,51";"97,47";"94,21";"2250827";
"21/02/2018";"97,66";"97,47";"97,86";"96,9";"2045573";
"22/02/2018";"97,7";"97,2";"98";"97,01";"1946425";
"23/02/2018";"98,3";"97,94";"98,3";"97,33";"1401492";
"26/02/2018";"98,94";"98,5";"99,66";"98,29";"1886721";
"27/02/2018";"98,71";"99,05";"99,97";"98,35";"2326711";
"28/02/2018";"98,34";"98,18";"98,98";"97,75";"1718890";
"01/03/2018";"97,1";"98,17";"98,79";"96,14";"1760776";
"02/03/2018";"93,95";"95,8";"95,88";"93,57";"2660441";
"05/03/2018";"95,75";"93,48";"95,99";"93,34";"1883059";
"06/03/2018";"96,12";"96,24";"97,39";"95,87";"2005926";
"07/03/2018";"95,72";"95,7";"96,54";"95,2";"1496982";
"08/03/2018";"97,09";"95,69";"97,47";"95,1";"1708289";
"09/03/2018";"98,33";"96,84";"98,54";"96,66";"1667528";
"12/03/2018";"95,87";"98,5";"98,6";"95,76";"1824223";
"13/03/2018";"95,66";"96,28";"97,27";"95,16";"1460828";
"14/03/2018";"95,25";"95,49";"96,75";"94,88";"1548763";
"15/03/2018";"96,84";"96";"97,23";"95,45";"1492138";
"16/03/2018";"96";"96,45";"97,38";"95,69";"4240400";
"19/03/2018";"94,43";"96";"96,14";"93,96";"1454271";
"20/03/2018";"96,43";"94,74";"97,26";"94,31";"1527789";
"21/03/2018";"95,51";"96,27";"96,31";"94,75";"1306085";
"22/03/2018";"94,63";"95";"95,46";"92,78";"2307587";
"23/03/2018";"92,92";"93,55";"94,3";"91,87";"2232114";
"26/03/2018";"92,88";"92,93";"93,78";"92,08";"2156370";
"27/03/2018";"95,1";"94,64";"95,48";"94";"1603029";
"28/03/2018";"93,98";"93,89";"94,41";"92,62";"2342711";
"29/03/2018";"93,8";"94,48";"95,07";"93,62";"1787075";
"03/04/2018";"93,6";"92,88";"94,05";"91,55";"1394820";
"04/04/2018";"92,81";"93,23";"94,53";"92,13";"2566788";
"05/04/2018";"94,87";"94,62";"94,92";"94,22";"2241922";
"06/04/2018";"94,4";"94,76";"94,77";"93,93";"1011322";
"09/04/2018";"94,4";"94,4";"95,28";"94,11";"1162527";
"10/04/2018";"95,42";"95,2";"95,42";"93,85";"1549328";
"11/04/2018";"92,43";"95,38";"95,59";"92,12";"1962224";
"12/04/2018";"92,96";"92,57";"93,24";"90,23";"2055722";
"13/04/2018";"91,5";"93";"94,12";"90,95";"1848098";
"16/04/2018";"90,38";"90,28";"91,67";"90,23";"1286645";
"17/04/2018";"93,08";"90,76";"93,31";"90,41";"1799910";
"18/04/2018";"94,6";"93,5";"94,76";"93,23";"1675107";
"19/04/2018";"94,24";"94,98";"95,42";"93,63";"1129502";
"20/04/2018";"94,17";"95,03";"95,63";"94,03";"2037611";
"23/04/2018";"96,16";"94,29";"96,34";"94,09";"1367855";
"24/04/2018";"96,71";"96,29";"97,1";"95,46";"1910574";
"25/04/2018";"94,97";"95,78";"96,03";"92,82";"2341877";
"26/04/2018";"95,5";"95,27";"95,91";"94,49";"1789280";
"27/04/2018";"96,93";"95,04";"97,95";"93,73";"2214905";
"30/04/2018";"97,4";"96,85";"98,26";"96,47";"2205472";
"02/05/2018";"98,07";"97,99";"98,53";"96,46";"2075219";
"03/05/2018";"98,06";"98,13";"98,47";"97,54";"1373661";
"04/05/2018";"98,69";"98,56";"98,88";"97,84";"1300971";
"07/05/2018";"100,42";"98,89";"100,42";"98,49";"1173678";
"08/05/2018";"100,24";"100,2";"100,4";"99,42";"1126291";
"09/05/2018";"99,16";"99,21";"99,55";"98,7";"1420703";
"10/05/2018";"99,63";"99,12";"99,82";"99,02";"789718";
"11/05/2018";"99,45";"99,7";"99,82";"98,93";"838606";
"14/05/2018";"97,08";"98,7";"98,99";"96,36";"1726805";
"15/05/2018";"96,25";"96,74";"97,98";"95,36";"2059938";
"16/05/2018";"96,39";"96,07";"96,68";"95,63";"1448715";
"17/05/2018";"97,98";"96,44";"97,98";"96,41";"1249890";
"18/05/2018";"97,84";"98,4";"98,42";"97,37";"2456175";
"21/05/2018";"100,82";"98,53";"100,96";"98,44";"1330566";
"22/05/2018";"100,66";"101";"101,1";"100";"1362260";
"23/05/2018";"98,96";"100,44";"100,86";"98,57";"1350053";
"24/05/2018";"98,35";"99,04";"99,49";"97,75";"930778";
"25/05/2018";"98,21";"99,1";"99,82";"97,54";"1281193";
"28/05/2018";"97,2";"98,98";"99,54";"97";"733763";
"29/05/2018";"97,32";"96,44";"98,48";"95,62";"1540976";
"30/05/2018";"96,73";"97,76";"97,76";"96,12";"1276639";
"31/05/2018";"97,31";"97,18";"98,24";"97,01";"2036282";
"01/06/2018";"99,39";"98,02";"99,67";"97,98";"1498403";
"04/06/2018";"99,56";"100";"100";"98,69";"1061667";
"05/06/2018";"98,98";"99,27";"100,32";"98,98";"1114674";
"06/06/2018";"100";"98,74";"100";"98,61";"1127330";
"07/06/2018";"99,65";"100,34";"101,1";"99,45";"1002940";
"08/06/2018";"100,9";"99,4";"101,04";"98,61";"1391071";
"11/06/2018";"100,9";"101,36";"101,9";"100,64";"1117898";
"12/06/2018";"100,48";"101,52";"101,54";"100";"923524";
"13/06/2018";"100,18";"100,5";"100,96";"99,61";"1087974";
"14/06/2018";"104,56";"99,49";"104,74";"99,46";"2163334";
"15/06/2018";"103,6";"105";"106,5";"103,6";"2914883";
"18/06/2018";"101,9";"103,52";"103,52";"100,34";"1274617";
"19/06/2018";"100,34";"100,28";"100,54";"99,08";"1695805";
"20/06/2018";"99,88";"100,76";"101,08";"99,82";"1369803";
"21/06/2018";"98,59";"100,38";"100,6";"98,4";"1692520";
"22/06/2018";"100,64";"99,62";"100,78";"99,41";"1430276";
"25/06/2018";"96,86";"99,95";"100,28";"96,86";"1074718";
"26/06/2018";"96,48";"98,37";"98,82";"96,48";"1338259";
"27/06/2018";"99,1";"96,41";"99,66";"94,57";"1779672";
"28/06/2018";"98,12";"98,68";"99,55";"97,52";"1810824";
"29/06/2018";"100,26";"99,95";"101,16";"99,85";"1495038";
"02/07/2018";"97,71";"97,65";"99,11";"97,03";"1658934";
"03/07/2018";"97,76";"98,1";"98,6";"97,31";"1106359";
"04/07/2018";"98";"98,08";"98,19";"97";"790159";
"05/07/2018";"97,74";"98,25";"99";"97,65";"1337173";
"06/07/2018";"98,5";"97,75";"98,94";"97,74";"1425002";
"09/07/2018";"99,4";"99,05";"99,68";"98,83";"976457";
"10/07/2018";"103,34";"100,3";"103,34";"100,3";"1898106";
"11/07/2018";"103,14";"102,7";"103,86";"102,12";"1448989";
"12/07/2018";"105,14";"104";"105,14";"103,2";"1617009";
"13/07/2018";"107,4";"105,5";"107,84";"105,5";"1710296";
"16/07/2018";"106,94";"107,12";"107,72";"106,8";"843342";
"17/07/2018";"107,66";"106,86";"108,2";"106,18";"944038";
"18/07/2018";"107,2";"107,84";"109,1";"107,14";"1338633";
"19/07/2018";"107,08";"107,2";"107,44";"106,04";"1202954";
"20/07/2018";"105,76";"107,78";"108,04";"104,62";"1932871";
"23/07/2018";"105,42";"105,06";"105,94";"104,76";"812845";
"24/07/2018";"105,98";"105,7";"106,58";"105,26";"1020922";
"25/07/2018";"104,9";"106,06";"106,68";"104,62";"1352553";
"26/07/2018";"109,62";"107,8";"111,16";"107,8";"2014197";
"27/07/2018";"109,2";"109,02";"109,28";"107,3";"1437079";
"30/07/2018";"107,08";"108,96";"108,96";"107,04";"872564";
"31/07/2018";"106";"107,2";"107,26";"105,76";"1113224";
"01/08/2018";"106,6";"106,12";"107,36";"105,92";"871755";
"02/08/2018";"106,48";"106,3";"106,78";"105,9";"1467538";
"03/08/2018";"107,76";"106,84";"107,98";"106,28";"887302";
"06/08/2018";"107,82";"107,96";"109,58";"107,34";"913835";
"07/08/2018";"109";"109,22";"109,96";"108,76";"993504";
"08/08/2018";"107,9";"109,32";"109,62";"107,78";"792973";
"09/08/2018";"108,66";"108,18";"108,76";"107,12";"626095";
"10/08/2018";"107,52";"107,62";"108,2";"107,04";"1240233";
"13/08/2018";"108,1";"107,4";"108,8";"107,38";"788303";
"14/08/2018";"108";"108,68";"109,04";"107,48";"667568";
"15/08/2018";"105,22";"108,2";"108,78";"104,96";"1494385";
"16/08/2018";"107,56";"105,9";"107,66";"105,62";"989496";
"17/08/2018";"107,72";"108";"108,68";"106,92";"641480";
"20/08/2018";"107,88";"107,98";"108,46";"107,54";"628975";
"21/08/2018";"107,46";"107,68";"108,24";"107,3";"729822";
"22/08/2018";"107,32";"107,5";"108";"107,04";"1008537";
"23/08/2018";"107,74";"107,58";"108,22";"107,44";"611202";
"24/08/2018";"107,5";"107,9";"108";"107,06";"929551";
"27/08/2018";"108";"108,2";"108,26";"107,28";"1003751";
"28/08/2018";"108,96";"108,1";"109,18";"107,88";"1141016";
"29/08/2018";"110,06";"109,34";"110,88";"109,2";"1146675";
"30/08/2018";"108,98";"110,06";"110,44";"108,52";"895351";
"31/08/2018";"106,26";"108,8";"108,8";"106,2";"1479511";
"03/09/2018";"107,5";"106,04";"107,7";"105,94";"595428";
"04/09/2018";"105,16";"107,72";"107,94";"104,1";"1204594";
"05/09/2018";"103";"105,08";"105,28";"103";"1386865";
"06/09/2018";"104,28";"103,24";"105,78";"103,24";"1308310";
"07/09/2018";"104,84";"104,8";"105,64";"103,86";"895199";
"10/09/2018";"104,8";"104,5";"105,72";"103,92";"766076";
"11/09/2018";"106,76";"105,44";"106,82";"104,2";"1071759";
"12/09/2018";"106,7";"107,14";"107,6";"105,74";"839003";
"13/09/2018";"105,64";"106,24";"108";"104,12";"1415024";
"14/09/2018";"106,2";"106,6";"106,78";"105,12";"673082";
"17/09/2018";"106,3";"106,02";"106,96";"105,72";"783738";
"18/09/2018";"104,94";"106,34";"107,36";"104,04";"1107930";
"19/09/2018";"106,36";"105";"106,68";"104,58";"759543";
"20/09/2018";"106,46";"106,4";"106,72";"105,24";"1186046";
"21/09/2018";"106,8";"106,48";"107,18";"105,48";"2857242";
"24/09/2018";"105,98";"106,48";"106,76";"105,26";"914960";
"25/09/2018";"105,08";"105,7";"106,52";"104,92";"1148229";
"26/09/2018";"108,48";"105,4";"108,48";"104,8";"1980047";
"27/09/2018";"108,9";"108,04";"108,98";"106,94";"991492";
"28/09/2018";"108,18";"108,5";"109,16";"106,94";"1341147";
"01/10/2018";"107,4";"108,68";"108,74";"107,1";"824742";
"02/10/2018";"105,68";"106,3";"106,4";"105,4";"1403390";
"03/10/2018";"107,06";"106,24";"107,34";"105,84";"1167252";
"04/10/2018";"105,26";"106,74";"106,74";"104,56";"1429096";
"05/10/2018";"104";"105,6";"106,3";"104";"1067060";
"08/10/2018";"103,62";"104,34";"105,96";"102,16";"1659963";
"09/10/2018";"102,5";"103,76";"104,38";"101,04";"1306812";
"10/10/2018";"98,99";"102,7";"103,1";"98,9";"1831247";
"11/10/2018";"97,33";"97,02";"99,51";"93,59";"3507915";
"12/10/2018";"100,26";"99";"101,44";"98,01";"2510746";
"15/10/2018";"97,81";"99,14";"100,22";"97,81";"1822785";
"16/10/2018";"101,72";"97,8";"101,72";"97,55";"1877647";
"17/10/2018";"100,86";"102,24";"102,62";"100,18";"1286634";
"18/10/2018";"99,31";"100,28";"101,52";"98,78";"1630849";
"19/10/2018";"97,95";"99,79";"101,44";"97,05";"2488856";
"22/10/2018";"96,31";"98,34";"98,88";"96,31";"1441080";
"23/10/2018";"94,14";"96,5";"96,5";"94,1";"2542403";
"24/10/2018";"95,31";"95,26";"96,95";"93,51";"2651513";
"25/10/2018";"97,94";"95,02";"98,3";"94,75";"2271247";
"26/10/2018";"96,15";"96,88";"96,88";"91,52";"3184210";
"29/10/2018";"95,83";"95,39";"99,89";"94,75";"1467805";
"30/10/2018";"93,9";"96,48";"97,08";"92,24";"2644992";
"31/10/2018";"97,71";"96,25";"99,77";"93,02";"3915169";
"01/11/2018";"96,5";"97,64";"98,23";"96";"1878563";
"02/11/2018";"95,61";"97,29";"98,77";"95,39";"1694118";
"05/11/2018";"95,38";"96,01";"96,4";"94,74";"1217718";
"06/11/2018";"95,85";"96";"96,99";"95,56";"1340977";
"07/11/2018";"96,09";"96,4";"97,13";"95,45";"1152082";
"08/11/2018";"95,65";"96,09";"96,84";"95,4";"1182886";
"09/11/2018";"94,68";"95,45";"95,51";"94,02";"1236728";
"12/11/2018";"94,39";"94,9";"95,66";"94,21";"973198";
"13/11/2018";"96,42";"94,57";"96,85";"94,55";"1377906";
"14/11/2018";"95,53";"95,88";"97,19";"94,04";"1460615";
"15/11/2018";"93,86";"96,36";"96,49";"93,27";"1396280";
"16/11/2018";"92,89";"94,58";"94,8";"91,89";"1497327";
"19/11/2018";"92,57";"92,9";"93,96";"92,41";"1260960";
"20/11/2018";"91,07";"91,56";"92,33";"89,96";"1772439";
"21/11/2018";"93,17";"91,98";"93,21";"90,73";"1473760";
"22/11/2018";"92,33";"92,89";"92,97";"92,1";"791079";
"23/11/2018";"93,41";"92,14";"93,64";"92,14";"901392";
"26/11/2018";"93,58";"94,2";"95,13";"93,46";"1261680";
"27/11/2018";"93,7";"93,83";"94,16";"93,16";"1306476";
"28/11/2018";"93,5";"93,96";"94,02";"93,4";"1231357";
"29/11/2018";"94,86";"94";"95,42";"93,97";"1819874";
"30/11/2018";"94,62";"95,37";"95,46";"94,45";"1370144";
"03/12/2018";"95,7";"97,27";"97,3";"95,06";"1246570";
"04/12/2018";"94,27";"95,39";"95,67";"94,26";"1354279";
"05/12/2018";"92,31";"93,11";"93,51";"92,03";"1192729";
"06/12/2018";"88,64";"90,94";"91,05";"88,15";"2054120";
"07/12/2018";"89,07";"90,05";"90,86";"89,07";"1517734";
"10/12/2018";"87,49";"88,61";"89,56";"87,39";"1787443";
"11/12/2018";"88,6";"88,08";"89,85";"87,44";"1605717";
"12/12/2018";"91,48";"89,18";"91,77";"88,61";"2067671";
"13/12/2018";"89,97";"91,57";"92,3";"89,73";"1739620";
"14/12/2018";"88,67";"89,29";"89,79";"88,32";"2106031";
"17/12/2018";"87,65";"88,43";"88,9";"86,96";"1316386";
"18/12/2018";"88,65";"87,58";"89,27";"87,06";"1654569";
"19/12/2018";"87,2";"88,83";"88,99";"87,04";"1731218";
"20/12/2018";"83,33";"85,6";"85,6";"78,83";"3558647";
"21/12/2018";"83,1";"82,75";"84,21";"82,05";"3670837";
"24/12/2018";"81,63";"81,54";"82,58";"81,2";"392591";
"27/12/2018";"82,1";"82,92";"83,73";"81,06";"1611466";
"28/12/2018";"83,76";"82,98";"84,33";"82,56";"1257945";
"31/12/2018";"83,96";"83,83";"84,22";"83,27";"426473";
"02/01/2019";"84,17";"83,58";"84,45";"82,1";"1483033";
"03/01/2019";"81,21";"83,33";"83,75";"77,5";"1964509";
"04/01/2019";"85,12";"82,16";"85,52";"81,53";"2006859";
"07/01/2019";"83,56";"85,96";"86,95";"82,64";"1428948";
"08/01/2019";"86,65";"83,83";"88,61";"83,56";"2533915";
"09/01/2019";"89,68";"88,5";"90,54";"87,68";"2365398";
"10/01/2019";"89,61";"89";"89,7";"87,87";"1321653";
"11/01/2019";"88,38";"89,92";"90";"88,19";"1184652";
"14/01/2019";"89,91";"87,87";"90,44";"87,79";"1339132";
"15/01/2019";"92,31";"90,5";"92,5";"90,42";"1870631";
"16/01/2019";"92,54";"92,5";"93,04";"91,6";"1383158";
"17/01/2019";"91,76";"91,7";"92,34";"90,86";"1196890";
"18/01/2019";"93,66";"92,45";"94,08";"92,2";"1498962";
"21/01/2019";"94,5";"93,26";"94,5";"93,01";"735952";
"22/01/2019";"94,75";"94,53";"95,05";"93,88";"1284328";
"23/01/2019";"93,81";"93,97";"95,28";"93,31";"1313183";
"24/01/2019";"95,92";"94,24";"95,92";"93,97";"1534265";
"25/01/2019";"96,51";"96";"97,12";"95,6";"1575939";
"28/01/2019";"95,42";"96,3";"96,35";"95,07";"986063";
"29/01/2019";"96,05";"95,78";"96,89";"95,25";"919305";
"30/01/2019";"99";"96,3";"99,02";"95,78";"2213713";
"31/01/2019";"100,22";"100";"100,46";"99,12";"2125869";
"01/02/2019";"101,12";"101,02";"102,12";"100,02";"1587528";
"04/02/2019";"101,4";"101,2";"102,02";"100,74";"986555";
"05/02/2019";"102";"101,36";"102,72";"100,62";"1373286";
"06/02/2019";"102,08";"102,02";"102,18";"101,08";"892011";
"07/02/2019";"99,83";"101,12";"101,78";"99,83";"1491323";
"08/02/2019";"99,94";"99,83";"101,34";"98,05";"1262531";
"11/02/2019";"102";"101,9";"103,28";"101,5";"1314998";
"12/02/2019";"102,78";"102,98";"103,46";"102,44";"1384956";
"13/02/2019";"104,38";"102,8";"104,74";"102,62";"1810340";
"14/02/2019";"107,18";"108";"110,94";"107,18";"3418594";
"15/02/2019";"110,98";"107,26";"111,76";"107,26";"2474676";
"18/02/2019";"111,26";"111,16";"111,92";"110,64";"1336861";
"19/02/2019";"111,14";"111,44";"111,46";"109,96";"1663311";
"20/02/2019";"111,12";"111,02";"111,4";"110,4";"1530872";
"21/02/2019";"111,36";"111,4";"112,08";"110,6";"1937817";
"22/02/2019";"113,7";"111,74";"113,82";"111,62";"1662516";
"25/02/2019";"113,34";"113,78";"113,98";"112,66";"1312486";
"26/02/2019";"113,12";"113";"113,44";"112,56";"1162067";
"27/02/2019";"113,46";"112,58";"113,48";"112,5";"1255186";
"28/02/2019";"113,6";"113,26";"113,84";"112,9";"1473561";
"01/03/2019";"113,9";"114,06";"114,34";"113,34";"1263899";
"04/03/2019";"114,02";"114,3";"114,9";"113,68";"1133867";
"05/03/2019";"113,24";"113,5";"113,66";"112,12";"1510042";
"06/03/2019";"113,72";"112,84";"113,94";"112,82";"1035032";
"07/03/2019";"112,74";"113,14";"113,66";"112,08";"1682374";
"08/03/2019";"111,52";"110,92";"111,92";"109,3";"1678207";
"11/03/2019";"112,96";"112";"113,16";"111,56";"1217340";
"12/03/2019";"114,58";"114,1";"114,68";"112,7";"1614290";
"13/03/2019";"116,88";"115";"116,96";"114,58";"2334138";
"14/03/2019";"117";"117,02";"117,24";"115,3";"1698454";
"15/03/2019";"117,68";"116,9";"119,24";"116,82";"3463099";
"18/03/2019";"118";"118";"118,08";"116,96";"974655";
"19/03/2019";"119";"118,3";"119,2";"117,8";"1217304";
"20/03/2019";"117,86";"118,72";"119,28";"117,42";"1651569";
"21/03/2019";"118,56";"118,08";"118,78";"117,26";"991764";
"22/03/2019";"114,6";"119,44";"119,44";"114,6";"1548212";
"25/03/2019";"114,04";"114,02";"114,86";"112,62";"1607484";
"26/03/2019";"116,34";"114,88";"117,3";"114,88";"1254958";
"27/03/2019";"115,48";"116,4";"116,78";"114,86";"1104628";
"28/03/2019";"116,26";"115,12";"116,64";"115,1";"950323";
"29/03/2019";"117,9";"116,94";"118,2";"116,6";"1220119";
"01/04/2019";"117,76";"118,9";"119,12";"117,18";"962091";
"02/04/2019";"117,22";"117,84";"118,26";"116,76";"1368037";
"03/04/2019";"118,54";"118,8";"119";"117,72";"1214807";
"04/04/2019";"117,82";"118,64";"118,66";"117,48";"1152087";
"05/04/2019";"118,68";"118";"119,22";"117,6";"1614315";
"08/04/2019";"120,74";"118,88";"121,22";"118,56";"1502349";
"09/04/2019";"118,5";"118,8";"119,58";"117,7";"1453576";
"10/04/2019";"116,5";"118,22";"119,04";"116,5";"1420843";
"11/04/2019";"117,5";"116,92";"118,34";"116,6";"935093";
"12/04/2019";"118,6";"117,54";"119,74";"117,26";"935016";
"15/04/2019";"117,24";"117,78";"117,8";"116,7";"702766";
"16/04/2019";"117,92";"117";"117,98";"116,38";"900262";
"17/04/2019";"119,04";"117,58";"119,46";"117,1";"1333637";
"18/04/2019";"120,24";"119";"120,64";"118,18";"2066169";
"23/04/2019";"122,8";"120,44";"122,8";"119,34";"1424239";
"24/04/2019";"122,2";"122,9";"123,28";"121,78";"882275";
"25/04/2019";"121,9";"122,24";"122,68";"121,22";"891406";
"26/04/2019";"121,86";"122,4";"123,06";"121,2";"1018510";
"29/04/2019";"123,02";"122";"123,52";"121,52";"1069541";
"30/04/2019";"121,88";"123,98";"124";"120,8";"1391362";
"02/05/2019";"119,98";"120,66";"121,58";"119,68";"1602622";
"03/05/2019";"119,56";"119,24";"120,7";"119,18";"919711";
"06/05/2019";"119,7";"117,02";"119,84";"115,06";"943587";
"07/05/2019";"117,54";"119,72";"120,1";"117,06";"1245034";
"08/05/2019";"118,8";"117,68";"119,28";"116,94";"1135884";
"09/05/2019";"116,8";"117,64";"118,32";"116,38";"1071567";
"10/05/2019";"117,5";"117,5";"118,36";"116,52";"1146292";
"13/05/2019";"115,52";"117,04";"117,24";"114,82";"1187754";
"14/05/2019";"119";"117";"119,14";"116,7";"1080454";
"15/05/2019";"120,88";"119,06";"120,88";"118,08";"1225273";
"16/05/2019";"122,5";"120,66";"122,78";"119,94";"1171146";
"17/05/2019";"121";"122,46";"122,82";"120,5";"1346495";
"20/05/2019";"119,08";"120,72";"121,18";"118,24";"880698";
"21/05/2019";"118,26";"119,46";"119,72";"117,84";"797261";
"22/05/2019";"118,22";"118,2";"118,36";"117,36";"841620";
"23/05/2019";"114,88";"117,18";"117,78";"114,74";"1292608";
"24/05/2019";"116,54";"115,58";"117,5";"115,46";"941761";
"27/05/2019";"116,84";"117,78";"118";"116,5";"314712";
"28/05/2019";"116,32";"116,98";"117,54";"115,68";"1121118";
"29/05/2019";"114,38";"115,96";"116,44";"113,12";"1460847";
"30/05/2019";"115,24";"114,6";"115,44";"114,48";"527329";
"31/05/2019";"114,86";"113,6";"114,88";"112,6";"1422449";
"03/06/2019";"117,16";"113,7";"117,16";"112,86";"1158939";
"04/06/2019";"118,48";"116,5";"118,7";"115,18";"1259997";
"05/06/2019";"118,7";"118,22";"119,86";"117,78";"1234756";
"06/06/2019";"117,96";"119,04";"120,56";"117,78";"1025038";
"07/06/2019";"120,92";"118,4";"122,44";"118,06";"1199498";
"10/06/2019";"121,06";"121,94";"122";"120,16";"507749";
"11/06/2019";"123,4";"121,5";"124,16";"121,48";"1125280";
"12/06/2019";"122,28";"122,18";"123,16";"121";"924062";
"13/06/2019";"122,66";"122,4";"123,7";"122";"890365";
"14/06/2019";"122,42";"122,76";"122,94";"121,04";"873534";
"17/06/2019";"125";"122,84";"125,14";"122,4";"1368430";
"18/06/2019";"125,46";"124,78";"126,5";"124,58";"1679579";
"19/06/2019";"123";"125,6";"125,76";"122,56";"1646889";
"20/06/2019";"123,46";"123";"124,24";"121,78";"1751922";
"21/06/2019";"122,78";"123,28";"124,98";"122,76";"2456772";
"24/06/2019";"123,26";"122,56";"123,44";"122,4";"839580";
"25/06/2019";"125,18";"122,6";"125,24";"122,6";"1068534";
"26/06/2019";"125,54";"125";"126";"124,5";"1028633";
"27/06/2019";"123,88";"125,5";"125,76";"123,82";"995489";
"28/06/2019";"124,68";"123,66";"125";"123,22";"1108817";
"01/07/2019";"124,3";"123,5";"126,08";"123,5";"849429";
"02/07/2019";"123,96";"122,9";"124,28";"122,6";"1028534";
"03/07/2019";"125,64";"124,28";"126,04";"123,82";"675445";
"04/07/2019";"125,38";"125,6";"125,96";"124,44";"454665";
"05/07/2019";"124,58";"124,54";"125,2";"123,7";"724073";
"08/07/2019";"123,92";"124,2";"124,42";"123";"788487";
"09/07/2019";"124,1";"124,08";"124,72";"123,3";"666957";
"10/07/2019";"125,84";"124,84";"127,62";"124,5";"1016895";
"11/07/2019";"125,98";"126,22";"127,1";"125,74";"727473";
"12/07/2019";"127,68";"126,28";"128,04";"125,12";"1023854";
"15/07/2019";"129,2";"128,58";"129,9";"128,14";"973647";
"16/07/2019";"131,14";"128,88";"131,42";"128,48";"1035676";
"17/07/2019";"131,96";"130,96";"132,32";"130,88";"1084788";
"18/07/2019";"132,1";"131,48";"132,92";"130,18";"918163";
"19/07/2019";"131,5";"132,44";"133,86";"131,04";"1110654";
"22/07/2019";"130,76";"131,2";"131,68";"130,38";"909190";
"23/07/2019";"132,62";"131,38";"133,26";"131,36";"1151374";
"24/07/2019";"131,96";"132,64";"133,36";"131,5";"891454";
"25/07/2019";"130,5";"132,34";"133,38";"129,92";"1303089";
"26/07/2019";"131";"131,52";"131,8";"130,82";"787658";
"29/07/2019";"130,08";"130,44";"131,32";"130,08";"767765";
"30/07/2019";"127,72";"130,16";"130,42";"127,4";"1259431";
"31/07/2019";"128,06";"130";"130,5";"126,74";"1547913";
"01/08/2019";"129,42";"128,08";"129,98";"127,62";"1296566";
"02/08/2019";"123,34";"126,4";"126,72";"122,96";"2475378";
"05/08/2019";"120,7";"122,72";"123,2";"120";"2089151";
"06/08/2019";"119,92";"120,92";"121,94";"119,92";"1618056";
"07/08/2019";"122";"120,82";"123,06";"120,14";"1497201";
"08/08/2019";"127,16";"124,02";"127,16";"123,28";"1539909";
"09/08/2019";"125,12";"126,6";"126,6";"124,5";"993641";
"12/08/2019";"125,2";"126";"127,38";"124,86";"728771";
"13/08/2019";"126,58";"124,16";"127,12";"123,28";"1356044";
"14/08/2019";"121,84";"126,18";"126,2";"121,54";"1330499";
"15/08/2019";"122,4";"122,4";"123,78";"120,28";"1055062";
"16/08/2019";"123,02";"123,22";"123,74";"121,66";"1119050";
"19/08/2019";"124,78";"124,26";"126,54";"124,1";"950546";
"20/08/2019";"126,2";"124,2";"126,8";"124";"999387";
"21/08/2019";"128";"126,5";"128,3";"126,24";"698994";
"22/08/2019";"124,42";"127,84";"127,84";"124,26";"1018327";
"23/08/2019";"122,62";"124,86";"125,4";"122,62";"1109352";
"26/08/2019";"122,84";"122,2";"123,56";"121,56";"620473";
"27/08/2019";"122,56";"122,94";"123,2";"121,76";"797067";
"28/08/2019";"121,6";"122,2";"122,44";"120,48";"645687";
"29/08/2019";"125,28";"121,4";"125,4";"121,12";"973076";
"30/08/2019";"125,34";"125,58";"126,2";"125,14";"899281";
"02/09/2019";"126";"125,82";"126,36";"124,84";"489160";
"03/09/2019";"124,62";"125,52";"125,64";"123,28";"619706";
"04/09/2019";"126,2";"125,6";"126,34";"124,96";"638872";
"05/09/2019";"127,32";"127";"128,78";"126,72";"811224";
"06/09/2019";"126,6";"127";"127,72";"126,16";"840371";
"09/09/2019";"126,84";"126,54";"127,02";"125,66";"752032";
"10/09/2019";"122,3";"126,5";"126,98";"122,22";"1316005";
"11/09/2019";"123,5";"123,04";"123,72";"122,34";"840873";
"12/09/2019";"124,82";"124,14";"126,58";"123,5";"1155604";
"13/09/2019";"125,5";"124,96";"126,08";"124,26";"1176707";
"16/09/2019";"121,24";"121";"122,06";"118,72";"1617882";
"17/09/2019";"121,96";"121";"122,2";"120,52";"982862";
"18/09/2019";"122,82";"121,9";"122,82";"121,2";"983968";
"19/09/2019";"124,08";"122,5";"124,08";"122,2";"857922";
"20/09/2019";"120,1";"123,48";"123,7";"119,62";"3206085";
"23/09/2019";"119,8";"120,2";"120,88";"117,5";"1406075";
"24/09/2019";"118,8";"119,88";"120,04";"117,8";"998744";
"25/09/2019";"120,96";"118,2";"120,96";"117,88";"1277126";
"26/09/2019";"119,54";"120,44";"121,46";"119,06";"1048743";
"27/09/2019";"119";"119,8";"120";"118,34";"1304700";
"30/09/2019";"119,2";"119,36";"119,56";"118,32";"1268603";
"01/10/2019";"116,74";"120";"120,36";"116,16";"1419321";
"02/10/2019";"114,36";"116,76";"117,16";"114,36";"1574583";
"03/10/2019";"119,22";"117,3";"119,96";"117,3";"2224977";
"04/10/2019";"117,78";"119,88";"119,98";"117,24";"1239220";
"07/10/2019";"117,22";"117,78";"117,78";"116,18";"789409";
"08/10/2019";"117,7";"117,94";"120,22";"117,36";"1331108";
"09/10/2019";"117,38";"117,5";"118";"115,28";"1063658";
"10/10/2019";"117,92";"117,04";"117,96";"115,4";"947625";
"11/10/2019";"118,88";"117,54";"119,52";"116,8";"1192461";
"14/10/2019";"118,3";"118,28";"118,9";"117,62";"647740";
"15/10/2019";"119,44";"119,44";"120,78";"118,92";"1194631";
"16/10/2019";"119,32";"119,1";"119,9";"118,32";"844506";
"17/10/2019";"119,84";"119,52";"121,38";"119,02";"1169680";
"18/10/2019";"120,4";"119,8";"120,5";"119,16";"1178061";
"21/10/2019";"122";"120,38";"122,18";"119,48";"1082580";
"22/10/2019";"121,86";"121,98";"122,58";"121,52";"1191168";
"23/10/2019";"120,16";"120,7";"120,82";"118,96";"1055759";
"24/10/2019";"122,26";"120,5";"122,58";"120,26";"849238";
"25/10/2019";"123,52";"123";"123,76";"122,16";"699180";
"28/10/2019";"124,68";"123,8";"125,22";"123,24";"914618";
"29/10/2019";"125,76";"125,18";"128,18";"124,54";"1827547";
"30/10/2019";"129,98";"122";"129,98";"121,64";"2393868";
"31/10/2019";"128,42";"129,98";"130,36";"128,14";"1987720";
"01/11/2019";"129,98";"129,2";"130,36";"128,14";"1372617";
"04/11/2019";"130,84";"130,38";"132,2";"130,04";"1231104";
"05/11/2019";"130,12";"130,88";"130,88";"128,6";"1098427";
"06/11/2019";"131,04";"129,98";"131,44";"129,32";"1034298";
"07/11/2019";"132,28";"131,26";"132,56";"131,18";"1033920";
"08/11/2019";"132,96";"131,58";"132,96";"130,9";"1001098";
"11/11/2019";"132,86";"132,54";"133,9";"132,5";"717859";
"12/11/2019";"134,68";"133,2";"135,24";"132,64";"1117643";
"13/11/2019";"135,5";"134,8";"135,56";"134,16";"1005889";
"14/11/2019";"135,86";"135,86";"136,78";"135";"685658";
"15/11/2019";"136,4";"136,68";"137,32";"135,62";"1126477";
"18/11/2019";"134,4";"136,26";"136,56";"133,74";"1076652";
"19/11/2019";"135,3";"134,7";"136,66";"134,7";"820254";
"20/11/2019";"135,1";"134,82";"135,8";"134,66";"756966";
"21/11/2019";"134,04";"134,82";"135,36";"133,7";"1012179";
"22/11/2019";"133,7";"133,96";"135,08";"133,54";"710551";
"25/11/2019";"134,58";"134";"134,8";"133,62";"766245";
"26/11/2019";"135,68";"134,2";"135,72";"134,1";"1458490";
"27/11/2019";"133,94";"136,14";"136,2";"133,68";"869935";
"28/11/2019";"133,62";"133,14";"134,06";"132,5";"555840";
"29/11/2019";"133,4";"132,7";"133,5";"131,68";"1529398";
"02/12/2019";"129,78";"133,86";"134,4";"129,78";"1991605";
"03/12/2019";"124,06";"130";"130,3";"124,06";"2874629";
"04/12/2019";"127,98";"124,66";"128,38";"124,5";"2347993";
"05/12/2019";"127";"127,6";"127,88";"126,86";"1298325";
"06/12/2019";"127,04";"127,28";"128,28";"126,2";"1126397";
"09/12/2019";"124,94";"126,9";"127,06";"124,62";"1309613";
"10/12/2019";"124,22";"124,46";"124,6";"122,52";"1488075";
"11/12/2019";"124";"123,44";"124,38";"123,04";"1122774";
"12/12/2019";"124,16";"124,4";"125,22";"123";"1330270";
"13/12/2019";"125,9";"126,84";"127,36";"124,84";"1716714";
"16/12/2019";"129,22";"127";"129,32";"126,56";"1551759";
"17/12/2019";"131,5";"131,2";"132";"129,14";"2058897";
"18/12/2019";"130,72";"131,48";"132,24";"130,36";"1724054";
"19/12/2019";"130,82";"130,84";"130,88";"129,52";"1293684";
"20/12/2019";"131,88";"130,74";"132,5";"130,16";"2250131";
"23/12/2019";"132,78";"132,2";"133,28";"131,2";"779143";
"24/12/2019";"133,14";"133,14";"133,54";"132,32";"214381";
"27/12/2019";"133,28";"133,48";"134,88";"132,76";"693498";
"30/12/2019";"130";"133,12";"133,42";"129,96";"847345";
"31/12/2019";"130,48";"129,88";"130,96";"129,24";"272778";
"02/01/2020";"133,52";"132,58";"135,72";"132,02";"1254852";
"03/01/2020";"134,04";"132,18";"134,04";"131,82";"830258";
"06/01/2020";"133,46";"132,68";"133,82";"131,76";"719626";
"07/01/2020";"132";"134";"134,38";"131,82";"976037";
"08/01/2020";"134,38";"131,5";"134,92";"130,5";"1281161";
"09/01/2020";"134,92";"135,62";"135,88";"133,82";"815627";
"10/01/2020";"134,42";"134,92";"135,02";"134,08";"649571";
"13/01/2020";"135,12";"134,4";"136,28";"134,4";"1024311";
"14/01/2020";"135,1";"135,12";"136";"133,14";"1236698";
"15/01/2020";"134,26";"135,16";"136";"133,18";"881425";
"16/01/2020";"133,4";"134,2";"135,62";"133,3";"912337";
"17/01/2020";"136,78";"134,48";"137,2";"134,48";"1061143";
"20/01/2020";"137,9";"136,8";"138,26";"136,18";"706794";
"21/01/2020";"136,4";"137";"137";"135,92";"817707";
"22/01/2020";"137,98";"137,4";"139,32";"137,14";"1191568";
"23/01/2020";"135,8";"138";"138,14";"135,62";"985427";
"24/01/2020";"139";"137,18";"139,4";"137,1";"1462261";
"27/01/2020";"132,9";"135,02";"137,28";"132,84";"1804728";
"28/01/2020";"134,24";"136";"136,9";"133,72";"1433803";
"29/01/2020";"136,56";"134,68";"136,98";"133,84";"1045204";
"30/01/2020";"134,5";"134,72";"135,48";"133,54";"1090153";
"31/01/2020";"133,24";"135,08";"136,18";"133,18";"1207948";
"03/02/2020";"133,68";"133,64";"134,08";"132,96";"753424";
"04/02/2020";"138";"134,58";"138";"134";"1125014";
"05/02/2020";"136,88";"137,32";"138,46";"136,16";"1471991";
"06/02/2020";"137";"137,66";"137,84";"136,36";"840490";
"07/02/2020";"136,78";"137,02";"137,92";"136,38";"905844";
"10/02/2020";"136,62";"136,1";"137,64";"136,08";"668866";
"11/02/2020";"138";"138";"138,78";"136,9";"976754";
"12/02/2020";"136,6";"138,48";"138,98";"136,2";"1323454";
"13/02/2020";"132,8";"134";"138,3";"130,76";"2023142";
"14/02/2020";"129,86";"133,4";"133,82";"129,76";"1759988";
"17/02/2020";"130,98";"129";"130,98";"127,06";"1239666";
"18/02/2020";"130,26";"130,5";"132,06";"130,06";"1225040";
"19/02/2020";"131,8";"130,76";"131,92";"130,18";"1221803";
"20/02/2020";"131,78";"131,3";"133,68";"131,26";"1095571";
"21/02/2020";"130,84";"131,24";"132,2";"129,6";"1237311";
"24/02/2020";"124,38";"126,76";"127,36";"124,04";"2631098";
"25/02/2020";"123,54";"125,56";"126,32";"123,52";"2168881";
"26/02/2020";"120,56";"122,4";"122,52";"117,7";"2641213";
"27/02/2020";"115";"117,56";"117,84";"113,06";"3604297";
"28/02/2020";"108,1";"108,06";"112,12";"105,64";"5697178";
"02/03/2020";"107,62";"110";"111,92";"103,36";"4352851";
"03/03/2020";"112,12";"109,58";"114,46";"108,64";"4116304";
"04/03/2020";"110,96";"112,12";"112,5";"109,94";"2046426";
"05/03/2020";"107,72";"110,88";"111,5";"105,8";"2689493";
"06/03/2020";"99,5";"103,9";"104,98";"99,5";"4273436";
"09/03/2020";"89,99";"89,3";"95,46";"87,01";"6098900";
"10/03/2020";"89,62";"91,42";"96,41";"88,94";"4342684";
"11/03/2020";"85,7";"91,48";"92,94";"85,65";"4037128";
"12/03/2020";"71,36";"77";"80,75";"70,84";"6948250";
"13/03/2020";"74,33";"75";"80,54";"69,17";"5478797";
"16/03/2020";"69";"66,57";"70,52";"56,4";"5587845";
"17/03/2020";"63,04";"71,35";"72,33";"60,02";"4556332";
"18/03/2020";"49,065";"56,75";"57,98";"48,12";"7222873";
"19/03/2020";"53,73";"51,34";"54,79";"49,59";"5948316";
"20/03/2020";"63,78";"63,65";"68,08";"59,56";"6513253";
"23/03/2020";"55";"60,45";"64,94";"54,56";"5709289";
"24/03/2020";"55,98";"60";"60,37";"54,42";"5917619";
"25/03/2020";"60,01";"60,37";"61,4";"52,85";"6861866";
"26/03/2020";"72,29";"60";"75,19";"59";"6003754";
"27/03/2020";"68,17";"72,28";"74,74";"65,04";"4577544";
"30/03/2020";"60,93";"67,31";"67,4";"60,37";"3942743";
"31/03/2020";"59,34";"63";"64,64";"59,34";"4388129";
"01/04/2020";"52,2";"58";"58,8";"52,1";"5473512";
"02/04/2020";"50,27";"54,71";"54,97";"50";"4727133";
"03/04/2020";"49,505";"50,56";"51,9";"49,505";"3611057";
"06/04/2020";"53,53";"53,55";"54,89";"50,91";"4536814";
"07/04/2020";"57,04";"57,34";"59,74";"56,34";"4725986";
"08/04/2020";"59,81";"56,9";"59,81";"54,63";"3689182";
"09/04/2020";"61";"62,5";"63,2";"57,15";"5865210";
"14/04/2020";"60";"61,66";"62,03";"59,21";"3251938";
"15/04/2020";"54,8";"61";"61,2";"54,53";"3149765";
"16/04/2020";"53,2";"56,49";"57";"52,62";"3224520";
"17/04/2020";"56,8";"58,5";"58,7";"55,11";"4630925";
"20/04/2020";"55,62";"57,55";"57,98";"54,81";"2355583";
"21/04/2020";"51,96";"55,4";"55,4";"51,87";"3277862";
"22/04/2020";"53,53";"52,5";"53,79";"51,7";"2009235";
"23/04/2020";"54,25";"53,86";"54,92";"52,55";"1805786";
"24/04/2020";"52,34";"53,54";"53,67";"52,02";"2081357";
"27/04/2020";"51,07";"52,99";"53,23";"50,15";"3880637";
"28/04/2020";"52,88";"51,07";"54,1";"51,07";"3707630";
"29/04/2020";"58,39";"53,2";"58,46";"51,6";"4838851";
"30/04/2020";"57,88";"60";"65,26";"57,05";"5434805";
"04/05/2020";"55";"55";"55,69";"52,71";"3824066";
"05/05/2020";"56,44";"56,27";"57,9";"55,68";"2531046";
"06/05/2020";"53,7";"55,9";"56,4";"53,36";"2373641";
"07/05/2020";"55,75";"53,8";"56,14";"52,89";"1949715";
"08/05/2020";"56,07";"56,78";"57,74";"55,41";"1293610";
"11/05/2020";"54,5";"56,53";"56,68";"53,41";"2054691";
"12/05/2020";"51,22";"54,3";"54,37";"51,22";"3642869";
"13/05/2020";"49,6";"51";"51,52";"49,12";"3583071";
"14/05/2020";"49,88";"49,05";"50,23";"48,21";"3419641";
"15/05/2020";"49,31";"50,12";"50,9";"48,605";"2592698";
"18/05/2020";"55,34";"50,02";"55,34";"49,81";"3792875";
"19/05/2020";"54,23";"56,34";"57,19";"52,98";"4179278";
"20/05/2020";"55,05";"53,84";"55,08";"51,51";"2979573";
"21/05/2020";"54,65";"54,3";"55,9";"53,29";"2440212";
"22/05/2020";"54,04";"54";"55,28";"52,92";"3006906";
"25/05/2020";"58,64";"54,97";"58,88";"54,51";"3477619";
"26/05/2020";"62,81";"59,27";"63,28";"59,1";"5591691";
"27/05/2020";"61,13";"63,49";"64,27";"60,72";"4407751";
"28/05/2020";"60,12";"62,07";"62,75";"59,81";"4058210";
"29/05/2020";"56,7";"59,38";"59,38";"56,7";"3864580";
"01/06/2020";"59,44";"59,18";"59,69";"57,66";"2304131";
"02/06/2020";"63,7";"60,02";"63,88";"59,59";"3938126";
"03/06/2020";"68,41";"65,41";"68,53";"64,6";"5333349";
"04/06/2020";"71,98";"68,41";"73,71";"65,89";"6944413";
"05/06/2020";"80,98";"75,3";"80,98";"74,86";"9357529";
"08/06/2020";"81,91";"80,5";"84,95";"78,6";"6926062";
"09/06/2020";"75,67";"82,5";"85,08";"74,65";"7255504";
"10/06/2020";"74,96";"77,35";"80";"73,67";"4459277";
"11/06/2020";"67,06";"71,35";"73,74";"67,06";"6610324";
"12/06/2020";"66,95";"65,99";"71,84";"65,2";"5584757";
"15/06/2020";"68";"64,75";"68,43";"63,45";"3675595";
"16/06/2020";"69,83";"71,14";"72,12";"68,38";"5092018";
"17/06/2020";"69,75";"70";"70,82";"68,3";"3408687";
"18/06/2020";"67,82";"68,36";"69,14";"66";"3997334";
"19/06/2020";"68,86";"68,8";"69,84";"66,95";"5582655";
"22/06/2020";"67,26";"67,88";"68,7";"65,76";"2118878";
"23/06/2020";"66,76";"68,1";"69,29";"66";"3046980";
"24/06/2020";"62,97";"66,7";"67,41";"62,97";"3412357";
"25/06/2020";"63,92";"62,52";"64,62";"61,27";"3561513";
"26/06/2020";"61,88";"64,37";"65,49";"61,86";"3309535";
"29/06/2020";"63,35";"60,89";"64,42";"60,18";"3287317";
"30/06/2020";"63,52";"64,66";"65,92";"62,78";"2988582";
"01/07/2020";"64,19";"63,6";"65,64";"60,85";"2876580";
"02/07/2020";"66,41";"65,14";"67,79";"64,24";"2989535";
"03/07/2020";"65,63";"66,98";"67,66";"64,6";"1574888";
"06/07/2020";"67,72";"67,42";"68,46";"66,94";"2437984";
"07/07/2020";"67,3";"67,55";"68,1";"66,62";"1608022";
"08/07/2020";"65,83";"66,31";"66,9";"64,8";"1977311";
"09/07/2020";"63,22";"66,5";"66,72";"63,22";"2470846";
"10/07/2020";"65,45";"62,22";"65,81";"62,02";"2412795";
"13/07/2020";"67,85";"66,53";"67,98";"66,4";"2148001";
"14/07/2020";"66,16";"66,5";"66,85";"64,71";"2402161";
"15/07/2020";"69,22";"67,3";"70,74";"66,89";"5094971";
"16/07/2020";"67";"68,53";"69,36";"66,76";"2035858";
"17/07/2020";"65,9";"66,9";"67,08";"65,19";"2228828";
"20/07/2020";"65,71";"66";"67,09";"64,84";"1512486";
"21/07/2020";"68,05";"66,99";"69,5";"66,86";"2197989";
"22/07/2020";"67,11";"67,7";"68,04";"65,3";"1890217";
"23/07/2020";"65,28";"67,42";"67,45";"65,02";"1945594";
"24/07/2020";"63,93";"64,64";"64,78";"62,98";"2093318";
"27/07/2020";"61,92";"63,58";"63,61";"61,75";"2302830";
"28/07/2020";"63,85";"61,88";"64,06";"61,76";"1918092";
"29/07/2020";"62,18";"63,46";"64,98";"62,18";"1945867";
"30/07/2020";"63,34";"63,5";"66,11";"62,16";"3218359";
"31/07/2020";"62,01";"63,08";"63,98";"61,81";"2660929";
"03/08/2020";"63,73";"62,33";"63,88";"60,78";"2563330";
"04/08/2020";"65,68";"64,47";"66,35";"64,23";"2316976";
"05/08/2020";"67,97";"65,93";"68,45";"65,91";"1931247";
"06/08/2020";"68,33";"68,08";"69,6";"67,6";"2431328";
"07/08/2020";"69,3";"68,25";"69,4";"67,25";"1518079";
"10/08/2020";"72,06";"69,68";"72,06";"69,35";"2375364";
"11/08/2020";"76,18";"73";"76,18";"73";"3123354";
"12/08/2020";"74,92";"75,77";"75,95";"74,18";"1907292";
"13/08/2020";"73,3";"73,4";"74,79";"72,2";"1755844";
"14/08/2020";"72,11";"72,77";"72,77";"70,76";"1475525";
"17/08/2020";"71,44";"72";"72,54";"70,56";"1244566";
"18/08/2020";"69,23";"70,79";"71,52";"69,19";"1746225";
"19/08/2020";"70,25";"69,14";"70,34";"68,57";"1257818";
"20/08/2020";"69,17";"69";"69,61";"68,09";"1494100";
"21/08/2020";"69,08";"70";"70,58";"66,97";"1911917";
"24/08/2020";"72,1";"69,52";"72,1";"69,42";"1837871";
"25/08/2020";"71,56";"72,72";"74,08";"71,56";"1890052";
"26/08/2020";"70,24";"71,19";"71,79";"70,05";"1454869";
"27/08/2020";"72,11";"70,39";"72,47";"69,01";"2056024";
"28/08/2020";"71,44";"72,5";"72,74";"70,92";"1768097";
"31/08/2020";"68,84";"72";"72,41";"68,71";"2212248";
"01/09/2020";"69,57";"69,35";"69,57";"66,79";"2386066";
"02/09/2020";"72,08";"70";"72,48";"69,45";"2273300";
"03/09/2020";"71,5";"72,5";"75,28";"71,05";"2596847";
"04/09/2020";"69,78";"71";"72,66";"69,18";"2020741";
"07/09/2020";"73,77";"70,5";"73,77";"70,27";"1687917";
"08/09/2020";"70,78";"74";"74,03";"69,98";"1965586";
"09/09/2020";"69,39";"69,98";"70,32";"68";"2973903";
"10/09/2020";"69,44";"69,2";"70,6";"68,72";"1540101";
"11/09/2020";"68,82";"68,95";"69,31";"67,75";"1609414";
"14/09/2020";"71,32";"70,04";"71,51";"69,55";"1691025";
"15/09/2020";"69,48";"71,21";"71,65";"69,23";"1716297";
"16/09/2020";"70,79";"69,51";"70,79";"68,69";"1642471";
"17/09/2020";"71,12";"69,51";"71,45";"68,82";"1531358";
"18/09/2020";"68,6";"71,04";"71,04";"68,6";"3993509";
"21/09/2020";"64,09";"68,33";"68,41";"63,95";"3175014";
"22/09/2020";"62,37";"64,5";"64,7";"61,5";"3342559";
"23/09/2020";"61,79";"63,36";"65,19";"61,79";"2237429";
"24/09/2020";"59,65";"60,5";"61,04";"58,1";"3239813";
"25/09/2020";"60,02";"59,99";"60,17";"57,87";"2495747";
"28/09/2020";"62,31";"61,55";"62,64";"61,01";"2246798";
"29/09/2020";"62,59";"62,31";"63,14";"61,33";"1820433";
"30/09/2020";"62,07";"61,75";"63,19";"60,95";"2016150";
"01/10/2020";"64,9";"63,41";"65,1";"62,45";"2489597";
"02/10/2020";"64,62";"63,8";"64,83";"62,03";"2299021";
"05/10/2020";"65,8";"65,84";"66,71";"64,8";"1605420";
"06/10/2020";"67,77";"66";"68,74";"65,81";"2265095";
"07/10/2020";"66,7";"67,41";"67,98";"66,12";"1914374";
"08/10/2020";"66,92";"67,37";"68,2";"66,52";"1669083";
"09/10/2020";"66,78";"66,92";"67,83";"66,42";"2064860";
"12/10/2020";"65,99";"67,08";"67,58";"65,78";"1691699";
"13/10/2020";"63,68";"64,5";"64,64";"63,34";"2160265";
"14/10/2020";"62,15";"63,55";"63,68";"61,57";"2589403";
"15/10/2020";"61,79";"61,15";"61,88";"59,87";"2544700";
"16/10/2020";"64,34";"62,29";"64,67";"61,55";"2602485";
"19/10/2020";"66,19";"64,36";"66,73";"64,1";"1199317";
"20/10/2020";"66,94";"65,48";"67,99";"64,91";"2501202";
"21/10/2020";"64,06";"67,42";"67,44";"64";"2110298";
"22/10/2020";"64,45";"63,65";"64,65";"62,56";"1983309";
"23/10/2020";"68,03";"65,25";"68,7";"65,22";"3398269";
"26/10/2020";"65,85";"66,61";"69,69";"65,69";"3086066";
"27/10/2020";"64";"65,8";"65,83";"63,07";"2483118";
"28/10/2020";"61,77";"62,01";"62,73";"60,09";"3855312";
"29/10/2020";"61,5";"62";"63,86";"59,28";"3558316";
"30/10/2020";"62,59";"60,5";"63,42";"60,5";"2533525";
"02/11/2020";"63,09";"62,97";"63,98";"61,68";"1840502";
"03/11/2020";"66,28";"64";"66,74";"63,9";"2549566";
"04/11/2020";"68,58";"65,16";"69,24";"64,2";"2874383";
"05/11/2020";"70,38";"68,75";"70,59";"68,3";"2203607";
"06/11/2020";"70";"69,52";"71";"68,81";"2672747";
"09/11/2020";"83";"71,8";"90,43";"71,75";"10568937";
"10/11/2020";"87,92";"82,42";"88,93";"81,8";"7232758";
"11/11/2020";"87";"88";"89,54";"85,83";"3265918";
"12/11/2020";"84,61";"85,36";"86,48";"83,33";"2822386";
"13/11/2020";"85,56";"84";"87,3";"83,25";"2420350";
"16/11/2020";"90";"87,4";"91,4";"87,3";"3884774";
"17/11/2020";"90,09";"90,14";"90,2";"87,65";"2891922";
"18/11/2020";"90";"90,29";"90,5";"87,73";"2642183";
"19/11/2020";"89,33";"88,5";"89,92";"88,02";"2360085";
"20/11/2020";"88,64";"89,56";"90";"88,36";"2253690";
"23/11/2020";"90,14";"89,5";"90,98";"89,39";"1928740";
"24/11/2020";"93,5";"91,85";"94,9";"91,7";"3279891";
"25/11/2020";"91,5";"94,37";"94,55";"90,71";"2783332";
"26/11/2020";"89,8";"92,1";"92,53";"89,14";"1877723";
"27/11/2020";"90";"89,02";"91,21";"89";"2070142";
"30/11/2020";"87,73";"89,99";"90,35";"87,73";"3524562";
"01/12/2020";"89,4";"88,01";"89,72";"87,85";"2001688";
"02/12/2020";"91,32";"89,96";"91,77";"89,7";"1943603";
"03/12/2020";"95";"91,36";"95,19";"91,36";"2495805";
"04/12/2020";"96,24";"95,08";"97,04";"94,9";"2485380";
"07/12/2020";"95,21";"95,62";"95,87";"93,64";"1631950";
"08/12/2020";"94,73";"94,81";"95,85";"94,11";"1346764";
"09/12/2020";"93,59";"95,69";"96,5";"93,49";"1365525";
"10/12/2020";"93,72";"93,77";"94,48";"92,77";"1687673";
"11/12/2020";"92,19";"93,52";"93,76";"91,41";"1774037";
"14/12/2020";"92,05";"93,13";"94,21";"91,7";"1698577";
"15/12/2020";"91,37";"91,5";"92,34";"89,85";"2055691";
"16/12/2020";"90,71";"90,9";"92,52";"89,79";"1735232";
"17/12/2020";"90,38";"91,34";"91,7";"89,63";"1487973";
"18/12/2020";"89";"89,62";"90,9";"88,94";"3297694";
"21/12/2020";"86,54";"85";"86,96";"82,75";"3398767";
"22/12/2020";"87,94";"87,37";"88";"85,51";"1691985";
"23/12/2020";"91,95";"88";"92,09";"87,62";"1561928";
"24/12/2020";"92,04";"92,44";"93,06";"91,53";"352865";
"28/12/2020";"91,98";"93";"93,25";"91,77";"935395";
"29/12/2020";"93,07";"92,97";"93,44";"91,98";"967733";
"30/12/2020";"91,25";"92,92";"92,98";"91,06";"1001345";
"31/12/2020";"89,78";"90,35";"91,31";"89,78";"470045";
"04/01/2021";"89,89";"92,84";"94,57";"89,3";"1854889";
"05/01/2021";"89,83";"88,55";"90,54";"88,37";"1567333";
"06/01/2021";"90,17";"90,87";"90,99";"88,98";"1498665";
"07/01/2021";"89,62";"90,92";"91";"89,35";"1320055";
"08/01/2021";"90,1";"90,63";"90,7";"88,93";"1856095";
"11/01/2021";"89,78";"90,63";"91,78";"89,06";"2214256";
"12/01/2021";"89,96";"89,89";"90,5";"89,01";"1572946";
"13/01/2021";"89,11";"89,96";"90,5";"88,12";"1751184";
"14/01/2021";"93,25";"89,4";"93,25";"89,1";"2536958";
"15/01/2021";"92,55";"92,5";"92,94";"91";"2298870";
"18/01/2021";"91,19";"91,19";"91,81";"90,28";"1199645";
"19/01/2021";"91,3";"92";"92,3";"91,03";"1302168";
"20/01/2021";"92,41";"91,61";"93,48";"90,87";"1384857";
"21/01/2021";"89,36";"93,02";"93,45";"89,04";"1786910";
"22/01/2021";"88,83";"89";"89,64";"87,97";"1500933";
"25/01/2021";"84,87";"88,9";"89,03";"84,53";"3028873";
"26/01/2021";"85,29";"84,6";"87,17";"83,71";"2013721";
"27/01/2021";"84,36";"85";"85,39";"83,31";"2738586";
"28/01/2021";"85,15";"83,26";"86,74";"82,5";"3080959";
"29/01/2021";"83,2";"82,7";"85,5";"81,84";"3536944";
"01/02/2021";"83,11";"84,13";"84,37";"82,41";"1738516";
"02/02/2021";"88,59";"85,6";"88,82";"85,14";"3010345";
"03/02/2021";"89,81";"89,86";"90,99";"88,63";"1742351";
"04/02/2021";"93,1";"90,16";"93,12";"89,63";"1992215";
"05/02/2021";"93,42";"93,17";"94,57";"91,91";"2275049";
"08/02/2021";"93,87";"94,02";"94,8";"92,51";"1368441";
"09/02/2021";"92,47";"93,97";"94,89";"91,91";"1325928";
"10/02/2021";"91,69";"93";"93,64";"91,18";"1157173";
"11/02/2021";"91,22";"91,85";"92,4";"90,82";"1142713";
"12/02/2021";"92,21";"90,61";"92,21";"89,54";"1389406";
"15/02/2021";"93,67";"92,87";"94,27";"92,3";"1195215";
"16/02/2021";"93,8";"93,58";"94,52";"93,4";"1136036";
"17/02/2021";"93,9";"93,8";"94,67";"93,42";"1441968";
"18/02/2021";"91,29";"91";"92,06";"89,58";"2466402";
"19/02/2021";"91,77";"91,11";"92,58";"89,81";"2259103";
"22/02/2021";"95,8";"90,63";"95,8";"90,2";"2318571";
"23/02/2021";"98,95";"95,6";"101,38";"95,33";"4339464";
"24/02/2021";"102,72";"99,05";"102,74";"98,16";"2957767";
"25/02/2021";"98,93";"103,84";"103,98";"98,86";"2564953";
"26/02/2021";"95,91";"96,74";"98,14";"95,13";"2253924";
"01/03/2021";"100,68";"97,75";"101,28";"97,6";"2102766";
"02/03/2021";"99,1";"100,18";"100,18";"98,41";"1532642";
"03/03/2021";"100,46";"99,55";"100,64";"98,83";"1522786";
"04/03/2021";"100,3";"99,57";"101,26";"98,91";"2008727";
"05/03/2021";"95,42";"99";"99,22";"95,23";"2464071";
"08/03/2021";"100,52";"96,87";"100,68";"96,27";"2654406";
"09/03/2021";"100,26";"100,52";"101,06";"99,13";"1739101";
"10/03/2021";"98,99";"99,87";"101";"98,64";"1691917";
"11/03/2021";"99,13";"99,61";"100";"97,52";"1743287";
"12/03/2021";"100";"99";"100,16";"97,8";"1932352";
"15/03/2021";"100";"100,5";"101,32";"99,65";"1437703";
"16/03/2021";"101,78";"100,32";"103,1";"99,65";"1957658";
"17/03/2021";"101";"101,7";"102,6";"100,96";"1423575";
"18/03/2021";"101,1";"101,84";"102,42";"100,62";"1347315";
"19/03/2021";"97,34";"100,06";"100,08";"97,34";"3764747";
"22/03/2021";"97,07";"97,35";"98,01";"96,27";"1103498";
"23/03/2021";"95,21";"96,1";"97,03";"95,21";"1482214";
"24/03/2021";"95,97";"94,5";"96,77";"93,14";"1803009";
"25/03/2021";"96,49";"95,03";"96,6";"94,19";"1733605";
"26/03/2021";"97,68";"97,6";"98,69";"96,69";"1937074";
"29/03/2021";"97,4";"98,65";"98,8";"96,41";"1014054";
"30/03/2021";"97,7";"97,39";"98,29";"96,84";"1639176";
"31/03/2021";"96,54";"97,07";"98,01";"96,33";"1827776";
"01/04/2021";"100,42";"96,7";"101,44";"96,55";"1883358";
"06/04/2021";"100,7";"101,52";"102,1";"99,43";"1516580";
"07/04/2021";"100,54";"100,66";"101,64";"100,24";"1071145";
"08/04/2021";"100,8";"100,7";"101,44";"99,72";"1227715";
"09/04/2021";"101,1";"101,4";"104,1";"100,96";"1976032";
"12/04/2021";"99,9";"101,3";"101,52";"99,2";"1461248";
"13/04/2021";"98,4";"99,74";"100,64";"97,73";"1667017";
"14/04/2021";"100,22";"98,63";"100,64";"97,92";"1184415";
"15/04/2021";"102,84";"100,12";"104,1";"99,5";"1929003";
"16/04/2021";"103,68";"103";"104,54";"102,84";"1730699";
"19/04/2021";"102,7";"103,94";"104,18";"102,42";"1106840";
"20/04/2021";"97,94";"102,72";"102,94";"97,94";"2030955";
"21/04/2021";"97,73";"98,1";"99,94";"95,95";"1730581";
"22/04/2021";"99,71";"98,5";"99,75";"97,24";"1588552";
"23/04/2021";"98,46";"98,5";"99,49";"97,67";"1526193";
"26/04/2021";"101,24";"98,91";"102,16";"98,9";"1297965";
"27/04/2021";"99,79";"100,72";"100,98";"99,16";"933554";
"28/04/2021";"99,3";"99,67";"100,5";"98,8";"1394580";
"29/04/2021";"100";"100,34";"102,76";"99,52";"1725985";
"30/04/2021";"99,94";"101,04";"101,58";"99,31";"1707401";
"03/05/2021";"99,91";"100,16";"100,9";"98,83";"1004726";
"04/05/2021";"96,73";"99,9";"101,06";"96,43";"2254082";
"05/05/2021";"96,57";"97,58";"98,15";"95,88";"2282437";
"06/05/2021";"96,75";"97,1";"99";"95,83";"1838181";
"07/05/2021";"98,37";"97,83";"98,5";"97,01";"1139121";
"10/05/2021";"98,36";"99";"99,6";"97,5";"1031069";
"11/05/2021";"95,9";"96,4";"97,34";"94,65";"2063036";
"12/05/2021";"96,56";"95,72";"97,3";"95,19";"1448836";
"13/05/2021";"96";"95,07";"97,09";"93,18";"1211617";
"14/05/2021";"99,57";"97";"99,57";"96,11";"1525622";
"17/05/2021";"96,9";"99,6";"99,9";"96,65";"1087269";
"18/05/2021";"97,14";"97,68";"98,07";"96,81";"1469378";
"19/05/2021";"95,06";"95,8";"96,35";"93,56";"1947475";
"20/05/2021";"96,51";"96,03";"96,51";"94,87";"1291926";
"21/05/2021";"97,91";"96,7";"97,98";"96,58";"1454579";
"24/05/2021";"98,26";"98,21";"98,66";"97,73";"661841";
"25/05/2021";"97,14";"98,6";"98,92";"97,14";"1314019";
"26/05/2021";"97,67";"97,95";"98,29";"97,59";"995643";
"27/05/2021";"106,68";"101";"107,82";"100,54";"5430363";
"28/05/2021";"108";"107,92";"109,7";"107,68";"2237227";
"31/05/2021";"106,66";"107,92";"108,42";"106,58";"916534";
"01/06/2021";"108,76";"106,86";"109,36";"105,86";"1489206";
"02/06/2021";"110,7";"109,72";"110,96";"109,24";"1660110";
"03/06/2021";"109,78";"110,66";"110,8";"109,72";"1084375";
"04/06/2021";"109,92";"109,8";"110,34";"109,28";"1244330";
"07/06/2021";"111,32";"110,1";"112";"108,84";"1094346";
"08/06/2021";"110,5";"111,72";"112,38";"110,46";"1171363";
"09/06/2021";"110,6";"110,72";"111,28";"110,2";"1035299";
"10/06/2021";"110,52";"111";"111,38";"109,58";"1046648";
"11/06/2021";"112,36";"110,72";"113,22";"110,62";"1806452";
"14/06/2021";"112,4";"112,86";"113,3";"112,08";"1015695";
"15/06/2021";"113,18";"113,8";"114,18";"112,4";"1405518";
"16/06/2021";"114,08";"114";"114,86";"112,8";"1660779";
"17/06/2021";"114,6";"113,98";"116,04";"113,6";"1441039";
"18/06/2021";"112,72";"114,5";"115,06";"112,2";"2224730";
"21/06/2021";"112,92";"111,5";"113,1";"109,68";"1176178";
"22/06/2021";"112,64";"113,34";"114,44";"112,62";"1121429";
"23/06/2021";"111,3";"112,5";"113,16";"111,22";"1089417";
"24/06/2021";"111,92";"111,76";"112,64";"111,56";"1232312";
"25/06/2021";"110,32";"112,2";"112,36";"109,5";"1443544";
"28/06/2021";"107,1";"110,6";"111,72";"107,1";"1510341";
"29/06/2021";"106,48";"107,5";"108,34";"106,48";"1505310";
"30/06/2021";"108,44";"106,38";"109,12";"104,9";"1986579";
"01/07/2021";"109,9";"109,8";"110,54";"108,38";"1245443";
"02/07/2021";"112,22";"110,56";"112,4";"109,4";"1648830";
"05/07/2021";"113,08";"111,94";"113,8";"110,96";"919942";
"06/07/2021";"110,88";"113,2";"113,44";"110,26";"1090015";
"07/07/2021";"109,82";"111,78";"112,48";"108,96";"1549039";
"08/07/2021";"109,02";"109,42";"110,44";"107,22";"2112437";
"09/07/2021";"112,76";"110,28";"114,02";"110,28";"1837644";
"12/07/2021";"112,2";"112,52";"113,76";"110,04";"1521422";
"13/07/2021";"111,24";"112,3";"112,62";"110,78";"1387125";
"14/07/2021";"110,98";"110,66";"111,98";"109,9";"1057178";
"15/07/2021";"110,4";"112";"112,28";"109,52";"1673725";
"16/07/2021";"110,64";"111,08";"112,18";"109,92";"1556374";
"19/07/2021";"103,58";"108,5";"108,74";"103,12";"3974206";
"20/07/2021";"106";"104";"106,42";"103,56";"1915970";
"21/07/2021";"110,64";"107";"111,22";"107";"2105827";
"22/07/2021";"109,52";"111,36";"113,36";"109,5";"1324149";
"23/07/2021";"111,5";"111,36";"113,88";"110,9";"2048605";
"26/07/2021";"112";"111,12";"113,28";"110,92";"1176450";
"27/07/2021";"112,32";"112,1";"113,06";"110,86";"1244190";
"28/07/2021";"115,3";"111,1";"115,34";"111,1";"1651513";
"29/07/2021";"116";"120";"121";"115,64";"2705991";
"30/07/2021";"115,7";"116,02";"116,42";"113,16";"2047519";
"02/08/2021";"116,78";"116,8";"117,9";"115,74";"1114904";
"03/08/2021";"114,78";"116,8";"117,22";"114,22";"1446369";
"04/08/2021";"114,44";"116,24";"116,4";"113,38";"1536356";
"05/08/2021";"116,64";"114,18";"117,36";"114,1";"1227423";
"06/08/2021";"116,9";"116,5";"117,28";"115,6";"1045415";
"09/08/2021";"114,76";"116,58";"117,02";"114,7";"753338";
"10/08/2021";"115,16";"114,8";"115,34";"113,72";"916010";
"11/08/2021";"115,72";"115,7";"116,68";"115,1";"712806";
"12/08/2021";"115,3";"115,28";"115,98";"114,56";"817945";
"13/08/2021";"115,44";"114,96";"116,34";"114,96";"681571";
"16/08/2021";"114,62";"114,42";"114,9";"113,66";"611241";
"17/08/2021";"113,54";"113,94";"113,96";"112,6";"924576";
"18/08/2021";"113,62";"113,82";"113,82";"112,22";"904719";
"19/08/2021";"110,04";"111,4";"111,9";"109,82";"1616551";
"20/08/2021";"110,48";"109,64";"110,52";"108,2";"989618";
"23/08/2021";"111,72";"112";"112,54";"111,18";"795534";
"24/08/2021";"113,46";"111,68";"113,46";"111,4";"847802";
"25/08/2021";"115,92";"114,3";"116,68";"114,28";"1279245";
"26/08/2021";"115";"114,8";"115,58";"113,54";"686226";
"27/08/2021";"115,02";"114,94";"115,02";"113,46";"669090";
"30/08/2021";"114,86";"115,22";"115,56";"114,54";"505387";
"31/08/2021";"115,7";"114,48";"115,7";"113,68";"1518227";
"01/09/2021";"118";"116,5";"118,1";"116,02";"1478587";
"02/09/2021";"116,78";"117,52";"117,9";"116,4";"938576";
"03/09/2021";"114,48";"116,8";"116,9";"114,48";"896433";
"06/09/2021";"115,88";"114,72";"116,56";"114,68";"641283";
"07/09/2021";"114,1";"115,82";"115,82";"113,86";"892841";
"08/09/2021";"113,72";"113,96";"115,28";"112,48";"1134101";
"09/09/2021";"115,2";"112,66";"115,78";"112,46";"1168922";
"10/09/2021";"114,36";"115,6";"116,7";"114,18";"1161466";
"13/09/2021";"115,08";"114,62";"115,42";"113,68";"1047597";
"14/09/2021";"112,76";"114,64";"114,84";"112,16";"1132942";
"15/09/2021";"112,36";"112,8";"114,06";"112,14";"1054477";
"16/09/2021";"114,88";"113,14";"115,78";"113,08";"1445194";
"17/09/2021";"113,04";"115,22";"116,14";"111,86";"3390435";
"20/09/2021";"111,94";"110,8";"113,92";"108,72";"2416938";
"21/09/2021";"113,28";"112,16";"113,52";"111,76";"1539371";
"22/09/2021";"115,84";"113,88";"115,84";"113,88";"1225883";
"23/09/2021";"116,68";"117";"118";"116,14";"1211204";
"24/09/2021";"115,4";"115,96";"116,98";"115,02";"974686";
"27/09/2021";"117,24";"116,5";"118,88";"116,34";"1577958";
"28/09/2021";"113,36";"116,8";"117,3";"113,1";"1789397";
"29/09/2021";"117,3";"115,2";"117,3";"114,56";"1856224";
"30/09/2021";"115,1";"118,16";"118,34";"114,86";"1891572";
"01/10/2021";"116,58";"113,02";"116,7";"111,88";"1638193";
"04/10/2021";"113,66";"116,56";"116,96";"113,12";"1545522";
"05/10/2021";"115,08";"114,36";"115,54";"113,62";"1344477";
"06/10/2021";"113,42";"114";"114,08";"111,12";"1592220";
"07/10/2021";"114,2";"115,06";"115,3";"113,68";"1465696";
"08/10/2021";"113,22";"114,16";"114,48";"112,62";"1301126";
"11/10/2021";"113,82";"112,84";"114,26";"112,7";"785366";
"12/10/2021";"113,24";"111,5";"113,56";"111,26";"1212402";
"13/10/2021";"112,34";"113,1";"113,18";"111,28";"1246440";
"14/10/2021";"113,36";"113";"114,22";"112";"1286858";
"15/10/2021";"114,9";"113,52";"115,4";"113,32";"1541664";
"18/10/2021";"113,3";"114,26";"114,34";"112,7";"893006";
"19/10/2021";"112,32";"113,48";"113,6";"112,18";"954227";
"20/10/2021";"112,16";"112,1";"112,66";"111,04";"892310";
"21/10/2021";"111,38";"111,12";"111,96";"110,44";"1074900";
"22/10/2021";"109,78";"111,64";"111,9";"109,78";"1301101";
"25/10/2021";"108,08";"109,82";"109,88";"107,24";"1766120";
"26/10/2021";"109,94";"108";"110,92";"107,16";"1296882";
"27/10/2021";"110";"109,14";"110,38";"108,6";"1231120";
"28/10/2021";"112";"112,74";"113,56";"110,28";"1848341";
"29/10/2021";"110,6";"111";"112,9";"109,88";"1643244";
"01/11/2021";"109,66";"111,08";"111,62";"109,14";"1260620";
"02/11/2021";"110,3";"109,4";"111,14";"108,62";"1105037";
"03/11/2021";"108";"110,14";"110,14";"107,76";"1603078";
"04/11/2021";"109";"108,3";"109,8";"107,68";"1135155";
"05/11/2021";"113,9";"108,24";"114,14";"107,52";"2457661";
"08/11/2021";"115,64";"114";"115,64";"113,68";"1761599";
"09/11/2021";"116,32";"115,24";"117,18";"114,84";"1403630";
"10/11/2021";"116,2";"116,56";"117,62";"115,38";"871005";
"11/11/2021";"114,7";"116,2";"116,78";"113,94";"1022281";
"12/11/2021";"112,14";"114,22";"115,24";"112,14";"1431439";
"15/11/2021";"114,04";"114,38";"115,72";"113,64";"1330937";
"16/11/2021";"115";"114,8";"115,64";"113,9";"1150422";
"17/11/2021";"114,44";"114,64";"115,14";"114,06";"1300356";
"18/11/2021";"113,26";"114,26";"114,7";"112,6";"1391601";
"19/11/2021";"109,4";"113,56";"113,56";"108,84";"2700171";
"22/11/2021";"108,78";"109,98";"110,9";"108,52";"1783388";
"23/11/2021";"110,26";"108,8";"111,82";"108,32";"1287924";
"24/11/2021";"111,46";"110,82";"111,96";"109,18";"1194993";
"25/11/2021";"112,26";"111,98";"112,78";"110,7";"935805";
"26/11/2021";"99,36";"99,5";"102,82";"95,73";"6274958";
"29/11/2021";"99,69";"101,16";"102,68";"98,69";"3238653";
"30/11/2021";"98,72";"98,2";"101,58";"96,81";"3828819";
"01/12/2021";"101,92";"100,96";"102,2";"99,19";"2056790";
"02/12/2021";"101,1";"100";"102,22";"99,71";"2133720";
"03/12/2021";"98,55";"102,96";"103,72";"98,02";"1937280";
"06/12/2021";"102,84";"99,5";"103,24";"99,1";"2135411";
"07/12/2021";"105,88";"104";"106,42";"103,22";"2179779";
"08/12/2021";"107,26";"105,26";"108,08";"103,62";"2635743";
"09/12/2021";"105,5";"107,34";"107,94";"104,94";"1783616";
"10/12/2021";"105,58";"104,42";"107,08";"104,18";"1154919";
"13/12/2021";"103,08";"105,6";"105,74";"102,34";"1667243";
"14/12/2021";"102,5";"103,72";"104,84";"102,26";"1534251";
"15/12/2021";"99,99";"102,82";"102,92";"99,77";"1768576";
"16/12/2021";"102,4";"103,5";"104,26";"102,32";"1699196";
"17/12/2021";"104,14";"103,58";"104,96";"102,14";"2458965";
"20/12/2021";"102,06";"101,56";"103,38";"100,26";"2048042";
"21/12/2021";"106,8";"103,56";"106,8";"102,82";"1813712";
"22/12/2021";"111,08";"107,3";"111,08";"107,1";"1960686";
"23/12/2021";"111,84";"110,9";"112,42";"110,64";"1141431";
"24/12/2021";"111,68";"111,06";"111,74";"110,24";"175333";
"27/12/2021";"112,34";"110,84";"112,98";"110,4";"749947";
"28/12/2021";"113,42";"112,24";"113,82";"112,24";"688913";
"29/12/2021";"112,12";"112,9";"113,94";"111,62";"788574";
"30/12/2021";"112,68";"111,84";"112,8";"111,28";"714942";
"31/12/2021";"112,36";"112,86";"113,06";"112,1";"360150";
"03/01/2022";"116,14";"113,6";"116,26";"113,22";"1320377";
"04/01/2022";"118,88";"116,58";"119,86";"116";"1588549";
"05/01/2022";"120,4";"119,32";"121,1";"117,2";"1806200";
"06/01/2022";"118,64";"118,2";"120,1";"117,38";"1441589";
"07/01/2022";"117,7";"118";"118,62";"116,34";"1244642";
"10/01/2022";"117,92";"118";"119,22";"116,58";"1099153";
"11/01/2022";"118,42";"118,6";"119,1";"117,14";"1060555";
"12/01/2022";"118,68";"118,72";"119,72";"117,58";"1288629";
"13/01/2022";"117,3";"118";"118,46";"116,2";"1278350";
"14/01/2022";"117,34";"116,28";"118,06";"116,18";"1051871";
"17/01/2022";"116,76";"118,28";"118,48";"116,76";"958258";
"18/01/2022";"115,88";"116,2";"116,48";"114,12";"1131796";
"19/01/2022";"115,12";"115,56";"117,46";"114,28";"1479906";
"20/01/2022";"115,72";"115,08";"115,72";"113,96";"1161977";
"21/01/2022";"113,4";"114";"114,46";"112,18";"2241374";
"24/01/2022";"107,34";"112,52";"113,82";"106,72";"2524642";
"25/01/2022";"108,34";"108,82";"110,12";"106,2";"2101749";
"26/01/2022";"114,22";"111";"114,34";"110,92";"1868916";
"27/01/2022";"114,42";"111,12";"115,06";"110,78";"1523610";
"28/01/2022";"111,38";"113,5";"113,84";"109,86";"1530319";
"31/01/2022";"112,12";"112,76";"113,74";"110,94";"1636479";
"01/02/2022";"115,44";"113,58";"115,44";"113,24";"1601492";
"02/02/2022";"113,3";"115,38";"115,6";"112,9";"1412361";
"03/02/2022";"111,64";"112,86";"113,5";"111,08";"1258207";
"04/02/2022";"110,32";"111,94";"112,16";"108,66";"1209672";
"07/02/2022";"112,94";"111,88";"112,98";"110,04";"1173544";
"08/02/2022";"115,64";"113";"115,64";"112,16";"1514367";
"09/02/2022";"117,5";"115,74";"117,78";"115,74";"1416605";
"10/02/2022";"118,3";"117,28";"118,52";"116,16";"1075687";
"11/02/2022";"118,5";"116,6";"118,96";"115,96";"1324106";
"14/02/2022";"116,3";"115";"117,02";"112,5";"1886460";
"15/02/2022";"118,4";"115,5";"118,5";"115,14";"1658714";
"16/02/2022";"117,88";"118,1";"119,5";"116,7";"1488356";
"17/02/2022";"116,32";"119,8";"120,36";"115,68";"1614702";
"18/02/2022";"115";"117,66";"117,8";"114,18";"2060276";
"21/02/2022";"112,14";"116,04";"117,14";"111,7";"1724281";
"22/02/2022";"114,08";"109,48";"115,18";"108,8";"2156241";
"23/02/2022";"113,94";"114,56";"117,3";"113,04";"2002740";
"24/02/2022";"108,92";"108,24";"110,98";"105,72";"3814789";
"25/02/2022";"115,92";"110";"115,92";"108,5";"3050795";
"28/02/2022";"114,9";"115,46";"116,12";"110,9";"3777634";
"01/03/2022";"104,18";"114,48";"115,24";"104,18";"3583957";
"02/03/2022";"109,68";"104";"111,12";"102,18";"3419858";
"03/03/2022";"105,02";"109,06";"109,98";"104,26";"2420701";
"04/03/2022";"97,1";"103";"103,54";"96,83";"3941176";
"07/03/2022";"93,99";"91,5";"98,42";"90,24";"4384096";
"08/03/2022";"94,13";"91,32";"97,83";"90,48";"3235886";
"09/03/2022";"103,14";"97,62";"103,46";"96,27";"3709463";
"10/03/2022";"99,79";"103,2";"103,54";"97,5";"2779312";
"11/03/2022";"103,56";"99,89";"106,36";"99,71";"2624329";
"14/03/2022";"104,56";"105";"107,58";"104,34";"2020164";
"15/03/2022";"103,12";"102,62";"103,94";"101,2";"2299853";
"16/03/2022";"106,82";"105,9";"109,52";"104,7";"2548452";
"17/03/2022";"107,24";"106,66";"107,56";"104,96";"1456505";
"18/03/2022";"106,14";"106,8";"107,52";"103,9";"2900224";
"21/03/2022";"105,32";"105,62";"106,82";"104,8";"1480861";
"22/03/2022";"108,26";"105,38";"108,48";"105,22";"1552901";
"23/03/2022";"107,24";"108,38";"108,94";"106,54";"1286213";
"24/03/2022";"107,4";"107,24";"108,2";"106,18";"1058102";
"25/03/2022";"107,54";"107,78";"109,28";"106,66";"1226858";
"28/03/2022";"107,7";"107,12";"109,34";"107,12";"1155300";
"29/03/2022";"113,56";"109,6";"113,78";"109";"1811661";
"30/03/2022";"111,36";"112,5";"112,92";"110,32";"1706221";
"31/03/2022";"110,36";"111,66";"112,34";"110,16";"1603935";
"01/04/2022";"111,02";"110,08";"111,74";"109,74";"1099406";
"04/04/2022";"110,1";"111,76";"111,92";"108";"1150678";
"05/04/2022";"105,24";"109,58";"110,08";"103,5";"2140458";
"06/04/2022";"103,8";"104,96";"106,52";"103,08";"1781786";
"07/04/2022";"101,98";"104,14";"105,32";"101,72";"1505381";
"08/04/2022";"103,4";"103,7";"105,18";"102,54";"964702";
"11/04/2022";"104,44";"102,58";"105,36";"101,56";"1223534";
"12/04/2022";"104,66";"102,48";"105,36";"101,74";"1638653";
"13/04/2022";"104,36";"103,82";"105,14";"103,54";"979693";
"14/04/2022";"106,12";"104,44";"106,82";"104,26";"1240440";



